index,p00,p01,p02,p03,p04,p05,p06,p07,p08,p09,p10,p11
1689872830351,2297,1263,0,0,1296,1579,192,236,830,637,601,0
1689872830851,2229,1355,0,0,1308,1609,196,240,805,320,635,0
1689872831351,2240,1390,0,0,1305,1625,203,244,801,270,640,0
1689872831851,2273,1379,0,0,1292,1653,202,241,792,264,660,0
1689872832351,2288,1424,0,46,1291,1675,201,245,787,254,670,0
1689872832851,2299,1401,0,3,1304,1675,202,252,793,248,671,0
1689872833351,2250,1209,0,0,1312,1694,201,253,800,245,680,0
1689872833851,2262,1264,0,0,1323,1704,206,259,802,243,682,0
1689872834351,2271,1311,0,0,1325,1708,211,259,803,242,685,0
1689872834851,2277,1327,0,0,1327,1716,209,260,806,247,684,0
1689872835351,2290,1389,0,0,1287,1713,207,259,803,241,683,0
1689872835851,2273,1200,0,0,1311,1719,209,260,798,241,694,0
1689872836351,2278,1242,0,0,1317,1726,210,259,809,245,696,0
1689872836851,2275,1232,0,0,1321,1732,205,258,804,238,698,0
1689872837351,2304,1276,0,0,1259,1731,214,255,752,234,696,0
1689872837851,2325,1329,0,0,1260,1734,250,265,637,246,694,0
1689872838351,2289,1296,0,0,1245,1726,263,241,635,248,642,0
1689872838851,2272,1104,0,0,1180,1731,299,262,743,240,658,0
1689872839351,2223,1113,0,0,1237,1728,342,266,710,232,699,0
1689872839851,2236,830,0,0,1094,1733,356,296,755,240,706,0
1689872840351,2265,881,0,0,1108,1750,274,301,728,234,636,0
1689872840851,2288,1023,0,0,1181,1757,283,294,800,243,646,0
1689872841351,2255,912,0,0,1238,1766,297,297,865,230,677,0
1689872841851,2234,946,0,0,1264,1777,291,299,889,232,674,0
1689872842351,2242,1004,0,0,1290,1780,299,300,889,230,665,0
1689872842851,2251,997,0,0,1297,1787,294,299,907,232,693,0
1689872843351,2336,1039,0,38,1323,1790,292,288,923,225,713,0
1689872843851,2380,1009,0,262,1312,1793,292,268,919,233,722,0
1689872844351,2367,1010,0,227,1329,1789,291,272,927,230,727,0
1689872844851,2266,950,0,0,1345,1793,289,269,915,230,717,0
1689872845351,2215,848,0,0,1338,1793,291,271,907,225,723,0
1689872845851,2166,816,0,0,1341,1798,283,264,910,225,718,0
1689872846351,2160,837,0,0,1351,1799,287,250,916,223,723,0
1689872846851,2203,1013,0,0,1364,1779,289,216,935,229,728,0
1689872847351,2240,1072,0,29,1370,1791,286,195,948,237,736,0
1689872847851,2398,1177,0,174,1237,1776,296,159,933,226,716,0
1689872848351,2432,1392,0,202,1328,1764,291,170,918,237,665,0
1689872848851,2410,1221,0,96,1351,1775,289,181,917,238,673,0
1689872849351,2334,1233,0,0,1383,1775,285,186,917,233,684,0
1689872849851,2255,1029,0,0,1396,1779,281,208,890,244,694,0
1689872850351,2281,987,0,0,1402,1793,283,211,904,236,694,0
1689872850851,2348,703,0,0,1402,1793,282,213,908,258,690,0
1689872851351,2359,811,0,0,1410,1798,282,212,914,265,705,0
1689872851851,2357,854,0,0,1407,1804,281,215,917,272,699,0
1689872852351,2329,918,0,0,1405,1810,281,213,916,271,698,0
1689872852851,2315,813,0,0,1329,1810,213,219,895,292,667,0
1689872853351,2302,806,0,0,1239,1713,266,308,749,301,649,0
1689872853852,2268,830,0,0,1034,1281,229,337,775,328,650,0
1689872854352,2225,690,0,0,1045,1415,223,351,593,325,629,0
1689872854852,2164,387,0,0,1098,1471,223,329,778,345,675,0
1689872855352,2221,359,0,0,1149,1500,176,311,730,308,634,0
1689872855852,2256,367,0,0,1154,1514,179,316,709,363,564,0
1689872856352,2234,379,0,0,1204,1534,180,316,698,373,589,0
1689872856852,2217,307,0,0,1213,1552,180,310,721,388,615,0
1689872857352,2196,270,0,0,1236,1558,183,310,743,394,637,0
1689872857852,2219,310,0,0,1244,1570,188,314,762,399,642,0
1689872858352,2198,450,0,0,1224,1570,206,334,761,361,645,0
1689872858852,2063,267,0,0,1024,1588,233,384,816,436,677,0
1689872859352,1920,297,0,0,1171,1592,190,366,673,427,656,0
1689872859852,2018,155,0,0,1014,1605,196,377,819,411,657,0
1689872860352,2070,0,0,0,1013,1631,139,355,787,432,617,0
1689872860852,2218,147,0,0,1138,1633,163,281,823,431,643,0
1689872861352,2161,81,0,0,1114,1618,252,319,837,418,666,0
1689872861852,2171,57,0,0,1156,1630,235,331,817,450,668,0
1689872862352,2175,80,0,0,1178,1644,226,331,826,455,685,0
1689872862852,2185,117,0,0,1214,1651,233,334,863,463,698,0
1689872863352,2205,208,0,0,1256,1660,258,311,910,465,707,0
1689872863852,2233,347,0,0,1247,1672,211,335,853,469,686,0
1689872864352,2210,214,0,0,1262,1676,216,338,906,447,709,0
1689872864852,2207,208,0,0,1273,1679,214,337,876,466,716,0
1689872865352,2199,214,0,0,1274,1683,220,340,879,473,710,0
1689872865852,2193,160,0,0,1279,1684,230,344,846,469,713,0
1689872866352,2192,329,0,0,1291,1686,245,343,896,463,727,0
1689872866852,2223,368,0,0,1300,1689,264,345,890,456,646,0
1689872867352,2224,191,0,0,1257,1690,264,341,902,431,713,0
1689872867852,2159,49,0,0,1236,1693,265,344,921,427,730,0
1689872868352,2143,35,0,0,1239,1701,288,343,858,434,834,0
1689872868852,2138,48,0,0,1235,1709,241,345,833,426,911,0
1689872869352,2131,252,0,0,1280,1713,271,342,840,418,1015,0
1689872869852,2143,289,0,0,1296,1711,269,345,890,407,1052,0
1689872870352,2145,123,0,0,1296,1713,266,344,912,381,1067,0
1689872870852,2128,44,0,0,1303,1714,277,347,922,393,998,0
1689872871352,2151,17,0,0,1311,1718,276,351,931,386,931,0
1689872871852,2147,41,0,0,1326,1720,290,354,951,379,891,0
1689872872352,2215,337,0,0,1351,1725,292,356,959,370,896,0
1689872872852,2313,337,0,0,1345,1722,289,354,882,365,928,0
1689872873352,2277,186,0,0,1335,1728,286,350,856,355,933,0
1689872873852,2300,80,0,0,1348,1728,258,348,868,321,893,0
1689872874352,2282,253,0,0,1348,1727,292,326,823,333,938,0
1689872874852,2288,299,0,0,1370,1731,295,320,878,320,946,0
1689872875352,2320,571,0,0,1353,1731,292,326,894,301,942,0
1689872875852,2309,632,0,0,1362,1741,299,329,906,292,938,0
1689872876352,2317,464,0,0,1372,1745,299,330,911,278,925,0
1689872876852,2302,335,0,0,1378,1738,295,330,913,252,901,0
1689872877352,2306,277,0,0,1384,1745,295,333,920,265,914,0
1689872877852,2332,480,0,0,1368,1746,266,333,917,231,885,0
1689872878352,2347,681,0,0,1332,1738,259,333,919,245,848,0
1689872878852,2346,602,0,0,1348,1742,262,332,911,241,719,0
1689872879352,2337,464,0,0,1348,1745,260,332,917,231,734,0
1689872879852,2339,403,0,0,1359,1749,263,334,915,214,756,0
1689872880352,2349,370,0,0,1367,1756,266,335,922,230,749,0
1689872880852,2352,711,0,0,1355,1753,263,334,921,223,741,0
1689872881352,2352,688,0,0,1356,1758,264,336,923,222,737,0
1689872881852,2342,401,0,0,1363,1761,262,336,927,223,720,0
1689872882352,2323,432,0,0,1361,1761,265,337,920,220,710,0
1689872882852,2330,448,0,0,1362,1761,265,362,919,213,728,0
1689872883352,2342,713,0,0,1362,1760,264,356,916,230,711,0
1689872883852,2336,649,0,0,1315,1760,241,364,897,222,703,0
1689872884352,2334,903,0,106,1210,1692,211,330,846,217,637,0
1689872884852,2351,855,0,21,1260,1695,188,329,825,223,667,0
1689872885352,2318,437,0,35,1213,1709,192,333,745,216,682,0
1689872885852,2525,338,0,121,1129,1492,202,298,679,212,850,0
1689872886352,2646,546,0,217,1168,1254,186,262,755,220,809,0
1689872886852,2578,503,0,111,1195,1299,224,228,520,231,589,0
1689872887352,2523,653,0,205,1254,1384,203,260,596,223,652,0
1689872887852,2495,864,0,0,1255,1406,178,270,636,222,686,0
1689872888352,2452,818,0,0,1161,1442,172,270,573,223,683,0
1689872888852,2454,640,0,0,1173,1467,172,275,569,220,670,0
1689872889352,2482,754,0,0,1174,1485,183,283,654,227,684,0
1689872889852,2481,719,0,0,1185,1497,183,286,690,230,704,0
1689872890352,2458,577,0,0,1188,1501,169,287,706,235,719,0
1689872890852,2453,506,0,0,1190,1508,162,286,726,225,722,0
1689872891352,2352,320,0,0,1024,1416,209,247,675,222,752,0
1689872891852,2055,34,0,0,1064,1463,266,302,894,225,1025,0
1689872892352,2409,76,0,0,1113,1370,187,316,584,258,1320,0
1689872892852,2415,0,0,0,987,1427,174,321,781,245,1322,0
1689872893352,2442,33,0,0,1100,1433,179,329,851,253,1248,0
1689872893852,2381,13,0,0,1120,1498,130,337,637,290,1280,0
1689872894352,2379,47,0,0,1118,1513,131,340,744,295,1307,0
1689872894852,2377,50,0,0,1122,1526,132,339,775,267,1329,0
1689872895352,2373,48,0,0,1127,1533,134,343,789,270,1344,0
1689872895852,2416,170,0,0,1155,1536,130,342,813,297,1345,0
1689872896352,2397,48,0,0,1167,1544,131,344,830,288,1352,0
1689872896852,2394,0,0,0,1175,1546,134,345,843,316,1357,0
1689872897352,2394,0,0,0,1187,1558,134,344,853,314,1360,0
1689872897852,2398,0,0,0,1189,1561,133,344,859,325,1361,0
1689872898352,2398,0,0,0,1189,1569,134,347,873,337,1361,0
1689872898852,2406,14,0,0,1197,1576,134,348,879,337,1375,0
1689872899352,2418,197,0,0,1190,1584,135,349,891,358,1366,0
1689872899852,2414,51,0,0,1171,1582,136,349,896,338,1369,0
1689872900352,2402,0,0,0,1175,1587,138,350,902,336,1375,0
1689872900852,2374,0,0,0,1174,1587,138,350,901,306,1389,0
1689872901352,2416,2,0,0,1187,1599,139,351,912,325,1379,0
1689872901852,2425,167,0,0,1177,1600,138,354,917,314,1377,0
1689872902352,2430,44,0,0,1180,1605,138,355,925,310,1389,0
1689872902852,2421,0,0,0,1183,1605,140,356,930,301,1387,0
1689872903352,2415,0,0,0,1186,1609,140,357,929,288,1391,0
1689872903852,2397,0,0,0,1180,1612,141,356,933,270,1392,0
1689872904352,2405,31,0,0,1179,1611,140,355,938,268,1405,0
1689872904852,2439,205,0,0,1178,1614,140,354,940,258,1398,0
1689872905352,2433,75,0,0,1189,1617,141,357,942,246,1400,0
1689872905852,2422,0,0,0,1190,1621,142,357,942,236,1401,0
1689872906352,2416,0,0,0,1193,1623,144,357,944,242,1409,0
1689872906852,2426,9,0,0,1203,1624,143,358,949,226,1402,0
1689872907352,2435,145,0,0,1205,1627,143,358,957,217,1411,0
1689872907852,2442,196,0,0,1201,1633,144,358,959,217,1410,0
1689872908352,2426,0,0,0,1199,1628,144,357,959,214,1418,0
1689872908852,2418,0,0,0,1203,1630,143,357,963,215,1412,0
1689872909352,2419,0,0,0,1204,1634,143,357,961,212,1414,0
1689872909852,2423,0,0,0,1209,1637,143,358,967,216,1416,0
1689872910352,2432,17,0,0,1215,1642,144,359,965,219,1413,0
1689872910852,2447,221,0,0,1213,1643,145,360,974,223,1407,0
1689872911352,2445,137,0,0,1233,1648,149,362,976,225,1424,0
1689872911852,2442,29,0,0,1232,1643,149,360,977,225,1409,0
1689872912352,2415,0,0,0,1228,1648,149,360,980,224,1424,0
1689872912852,2413,0,0,0,1227,1643,150,361,978,228,1423,0
1689872913352,2432,212,0,0,1230,1652,149,363,977,228,1429,0
1689872913852,2451,171,0,0,1228,1652,150,361,982,228,1425,0
1689872914352,2438,39,0,0,1225,1659,150,361,977,230,1421,0
1689872914852,2429,0,0,0,1240,1656,150,363,980,230,1424,0
1689872915352,2430,0,0,0,1234,1661,151,364,983,235,1430,0
1689872915852,2457,167,0,0,1244,1664,151,364,988,234,1426,0
1689872916352,2469,257,0,0,1243,1666,151,364,989,234,1426,0
1689872916852,2433,0,0,0,1232,1661,151,364,985,231,1426,0
1689872917352,2427,0,0,0,1234,1657,152,362,990,234,1430,0
1689872917852,2416,0,0,0,1238,1658,152,361,986,231,1431,0
1689872918352,2448,49,0,0,1249,1666,152,363,991,234,1427,0
1689872918852,2471,258,0,0,1262,1667,151,362,992,233,1417,0
1689872919352,2450,31,0,0,1261,1672,168,363,997,231,1424,0
1689872919852,2446,0,0,0,1248,1670,169,366,1000,231,1431,0
1689872920352,2419,0,0,0,1248,1667,168,363,1002,229,1436,0
1689872920852,2427,0,0,0,1254,1672,168,363,1002,229,1434,0
1689872921352,2455,171,0,0,1270,1668,169,364,1005,231,1431,0
1689872921852,2448,129,0,0,1259,1669,169,362,1003,229,1436,0
1689872922352,2459,0,0,0,1253,1670,168,363,1003,225,1440,0
1689872922852,2446,0,0,0,1252,1675,169,363,1005,227,1432,0
1689872923352,2447,0,0,0,1254,1671,169,365,1009,227,1433,0
1689872923852,2461,0,0,0,1255,1678,170,367,1011,226,1432,0
1689872924352,2484,208,0,0,1260,1679,168,369,1013,225,1441,0
1689872924852,2475,31,0,0,1259,1681,170,368,1017,221,1435,0
1689872925352,2443,0,0,0,1244,1675,170,369,1018,222,1438,0
1689872925852,2439,0,0,0,1247,1675,169,368,1019,218,1437,0
1689872926352,2417,0,0,0,1247,1676,169,371,1018,211,1445,0
1689872926852,2479,165,0,0,1274,1685,169,369,1019,209,1431,0
1689872927352,2477,264,0,0,1268,1686,171,371,1020,203,1434,0
1689872927852,2471,0,0,0,1257,1687,171,372,1019,196,1437,0
1689872928352,2465,0,0,0,1255,1687,171,370,1023,189,1442,0
1689872928852,2452,0,0,0,1261,1688,171,370,1023,177,1443,0
1689872929352,2461,6,0,0,1263,1690,170,371,1031,164,1442,0
1689872929852,2473,286,0,0,1264,1688,170,372,1033,156,1446,0
1689872935352,2491,314,0,0,1279,1701,171,372,1044,0,1437,0
1689872935852,2483,3,0,0,1264,1704,170,373,1043,0,1440,0
1689872936352,2463,0,0,0,1253,1704,171,374,1048,0,1449,0
1689872936852,2461,0,0,0,1259,1703,172,371,1049,0,1443,0
1689872937352,2477,41,0,0,1262,1707,173,373,1051,0,1447,0
1689872937852,2475,304,0,0,1247,1708,173,373,1050,0,1445,0
1689872938352,2462,67,0,0,1238,1703,172,382,1056,0,1450,0
1689872938852,2465,0,0,0,1246,1701,172,380,1054,0,1445,0
1689872939352,2463,0,0,0,1244,1701,173,380,1052,0,1445,0
1689872939853,2458,0,0,0,1250,1707,172,382,1054,0,1444,0
1689872940353,2493,217,0,0,1260,1710,172,382,1056,0,1442,0
1689872940853,2493,309,0,0,1246,1706,174,382,1056,0,1438,0
1689872941353,2475,0,0,0,1250,1710,168,382,1059,0,1444,0
1689872941853,2468,0,0,0,1247,1707,172,381,1060,0,1453,0
1689872942353,2445,0,0,0,1248,1702,174,380,1060,0,1442,0
1689872942853,2464,206,0,0,1255,1706,168,380,1061,0,1444,0
1689872943353,2474,346,0,0,1259,1706,168,382,1060,0,1450,0
1689872943853,2479,0,0,0,1258,1708,169,381,1059,5,1440,0
1689872944353,2471,0,0,0,1259,1711,174,381,1059,38,1437,0
1689872944853,2458,0,0,0,1255,1713,175,383,1062,31,1440,0
1689872945353,2455,0,0,0,1237,1715,164,377,1064,57,1449,0
1689872945853,2481,193,0,0,1261,1719,169,374,1064,85,1443,0
1689872946353,2480,329,0,0,1249,1718,169,376,1065,110,1445,0
1689872946853,2473,0,0,0,1231,1714,169,381,1066,128,1448,0
1689872947353,2459,0,0,0,1229,1715,168,379,1067,164,1449,0
1689872947853,2467,0,0,0,1233,1713,163,375,1063,166,1444,0
1689872948353,2474,0,0,0,1242,1722,169,377,1066,201,1442,0
1689872948853,2502,208,0,0,1260,1723,168,371,1068,232,1443,0
1689872949353,2497,0,0,0,1259,1728,188,390,1075,276,1448,0
1689872949853,2492,12,0,0,1205,1704,196,391,991,303,1407,0
1689872950353,2304,0,0,0,1098,1698,286,336,699,286,1369,0
1689872950853,2513,0,0,0,671,1776,373,282,929,296,1339,0
1689872951353,2426,180,0,0,1205,1530,215,348,517,384,1108,0
1689872951853,2397,281,0,0,1090,1241,176,367,723,404,1258,0
1689872952353,2321,87,0,0,1006,1266,165,323,698,412,1251,0
1689872952853,2394,307,0,0,1033,1349,156,303,670,440,1303,0
1689872953353,2416,144,0,0,1040,1385,137,323,705,455,1318,0
1689872953853,2461,402,0,0,1065,1404,140,323,722,468,1320,0
1689872954353,2461,320,0,0,1078,1417,160,313,729,478,1333,0
1689872954853,2433,135,0,0,1069,1435,164,338,755,491,1342,0
1689872955353,2441,48,0,0,1058,1445,162,340,783,491,1350,0
1689872955853,2450,107,0,0,1063,1456,165,342,786,489,1361,0
1689872956353,2483,251,0,0,1087,1459,166,341,800,502,1351,0
1689872956853,2576,417,0,0,1119,1436,165,319,804,511,1325,0
1689872957353,2687,585,0,113,1176,1409,167,305,813,516,1318,0
1689872957853,2778,784,0,244,1176,1380,167,306,819,544,1311,0
1689872958353,2738,493,0,0,1109,1375,163,292,817,556,1326,0
1689872958853,2675,874,0,0,1119,1363,165,298,825,579,1340,0
1689872959353,2613,839,0,0,1101,1374,168,299,837,589,1338,0
1689872959853,2624,832,0,0,1104,1383,166,307,843,601,1340,0
1689872960353,2619,737,0,0,1100,1397,164,306,838,625,1340,0
1689872960853,2623,646,0,0,1098,1401,161,307,839,648,1353,0
1689872961353,2605,762,0,0,1113,1411,154,307,833,666,1347,0
1689872961853,2607,797,0,0,1112,1413,160,309,831,694,1350,0
1689872962353,2624,830,0,0,1114,1423,160,311,835,705,1348,0
1689872962853,2617,793,0,0,1116,1436,164,310,848,724,1369,0
1689872963353,2607,751,0,0,1116,1432,162,312,843,739,1368,0
1689872963853,2615,721,0,0,1120,1442,151,311,851,765,1360,0
1689872964353,2639,784,0,0,1111,1447,150,311,848,784,1358,0
1689872964853,2624,703,0,0,1098,1451,131,311,827,816,1362,0
1689872965353,2629,740,0,0,1100,1456,140,307,843,837,1369,0
1689872965853,2636,723,0,0,1113,1456,148,310,841,856,1367,0
1689872966353,2639,786,0,0,1122,1463,146,312,855,875,1366,0
1689872966853,2631,763,0,0,1126,1467,146,313,860,886,1373,0
1689872967353,2641,819,0,0,1122,1471,149,314,865,888,1374,0
1689872967853,2630,846,0,0,1069,1473,150,313,867,882,1388,0
1689872968353,2608,719,0,0,1140,1471,150,310,871,871,1387,0
1689872968853,2615,755,0,0,1145,1476,149,313,876,859,1385,0
1689872969353,2629,764,0,0,1148,1479,150,312,878,850,1386,0
1689872969853,2640,708,0,0,1155,1488,148,315,881,818,1390,0
1689872970353,2614,691,0,0,1169,1490,150,313,889,777,1387,0
1689872970853,2633,797,0,0,1183,1492,151,316,898,757,1385,0
1689872971353,2609,634,0,0,1170,1493,151,315,895,721,1388,0
1689872971853,2615,523,0,0,1172,1495,155,312,902,699,1396,0
1689872972353,2608,522,0,0,1170,1494,156,314,898,667,1398,0
1689872972853,2621,565,0,0,1176,1495,154,313,898,627,1396,0
1689872973353,2640,713,0,0,1190,1498,172,312,899,585,1388,0
1689872973853,2640,661,0,0,1182,1499,172,310,894,560,1393,0
1689872974353,2638,567,0,0,1183,1503,174,311,905,527,1403,0
1689872974853,2651,626,0,0,1183,1505,176,313,910,506,1396,0
1689872975353,2640,624,0,0,1185,1508,176,312,909,456,1403,0
1689872975853,2623,534,0,0,1179,1505,173,307,911,442,1412,0
1689872976353,2639,719,0,0,1191,1513,176,313,919,438,1409,0
1689872976853,2641,702,0,0,1185,1514,176,313,916,400,1408,0
1689872977353,2614,495,0,0,1177,1514,175,310,916,390,1414,0
1689872977853,2642,567,0,0,1189,1516,176,312,921,370,1403,0
1689872978353,2627,542,0,0,1183,1517,176,311,923,314,1407,0
1689872978853,2645,630,0,0,1195,1527,177,312,928,326,1411,0
1689872979353,2654,724,0,0,1202,1526,177,315,932,302,1405,0
1689872979853,2634,496,0,0,1193,1525,176,313,935,280,1411,0
1689872980353,2627,445,0,0,1185,1522,176,312,936,281,1408,0
1689872980853,2619,434,0,0,1185,1524,177,313,943,293,1420,0
1689872981353,2640,592,0,0,1197,1526,176,314,944,248,1417,0
1689872981853,2645,766,0,0,1206,1526,176,313,953,261,1412,0
1689872982353,2654,499,0,0,1199,1535,176,313,952,237,1414,0
1689872982853,2631,477,0,0,1188,1536,179,313,955,247,1414,0
1689872983353,2630,558,0,0,1192,1540,180,316,964,237,1411,0
1689872983853,2638,545,0,0,1194,1545,180,316,960,231,1416,0
1689872984353,2631,783,0,0,1202,1546,180,314,958,212,1411,0
1689872984853,2631,625,0,0,1204,1553,178,313,966,227,1422,0
1689872985353,2624,578,0,0,1195,1550,178,316,965,212,1419,0
1689872985853,2619,487,0,0,1192,1550,178,314,970,226,1423,0
1689872986353,2631,498,0,0,1195,1555,179,314,965,219,1424,0
1689872986853,2640,784,0,0,1211,1562,178,316,975,218,1421,0
1689872987353,2646,720,0,0,1210,1561,178,318,978,207,1415,0
1689872987853,2639,497,0,0,1200,1561,178,317,981,225,1414,0
1689872988353,2624,437,0,0,1200,1563,178,316,986,222,1430,0
1689872988853,2609,524,0,0,1197,1557,178,317,985,221,1421,0
1689872989353,2630,656,0,0,1210,1559,178,319,991,216,1424,0
1689872989853,2635,828,0,0,1210,1563,179,318,995,218,1429,0
1689872990353,2636,462,0,0,1197,1561,178,317,991,206,1423,0
1689872990853,2635,479,0,0,1196,1562,178,318,990,224,1418,0
1689872991353,2633,423,0,0,1198,1568,178,320,990,226,1418,0
1689872991853,2621,442,0,0,1199,1569,177,318,997,217,1428,0
1689872992353,2647,741,0,0,1210,1570,178,338,1002,222,1419,0
1689872992853,2645,765,0,0,1207,1570,179,338,1006,223,1423,0
1689872993353,2624,552,0,0,1192,1572,178,338,1004,212,1426,0
1689872993853,2613,508,0,0,1192,1569,179,337,1005,223,1434,0
1689872994353,2610,560,0,0,1196,1568,178,336,1003,231,1426,0
1689872994853,2641,677,0,0,1207,1572,179,338,1005,223,1426,0
1689872995353,2646,839,0,0,1217,1576,179,337,1009,230,1425,0
1689872995853,2639,567,0,0,1202,1576,180,337,1008,225,1435,0
1689872996353,2633,570,0,0,1202,1575,180,339,1014,223,1427,0
1689872996853,2611,519,0,0,1203,1577,179,337,1014,240,1435,0
1689872997353,2637,620,0,0,1216,1580,179,338,1019,246,1445,0
1689872997853,2643,832,0,0,1219,1575,180,338,1019,246,1438,0
1689872998353,2633,649,0,0,1215,1577,181,339,1023,239,1439,0
1689872998853,2617,508,0,0,1202,1577,181,338,1020,247,1441,0
1689872999353,2624,535,0,0,1204,1577,181,338,1022,245,1446,0
1689872999853,2627,568,0,0,1208,1583,181,338,1024,280,1448,0
1689873000353,2643,791,0,0,1224,1584,182,341,1026,277,1440,0
1689873000853,2643,789,0,0,1219,1583,182,343,1030,296,1441,0
1689873001353,2637,523,0,0,1212,1588,181,341,1028,311,1451,0
1689873001853,2623,510,0,0,1205,1584,180,339,1032,318,1455,0
1689873002353,2627,570,0,0,1205,1580,181,341,1030,308,1446,0
1689873002853,2650,730,0,0,1216,1583,181,340,1038,355,1449,0
1689873003353,2670,836,0,0,1222,1585,180,342,1034,357,1449,0
1689873003853,2651,415,0,0,1209,1593,180,340,1033,361,1454,0
1689873004353,2638,432,0,0,1204,1592,180,342,1035,365,1452,0
1689873004853,2624,481,0,0,1208,1595,182,344,1037,380,1448,0
1689873005353,2640,496,0,0,1209,1595,181,342,1034,350,1455,0
1689873005853,2651,723,0,0,1231,1598,182,349,1041,406,1457,0
1689873006353,2635,501,0,0,1213,1593,182,347,1040,377,1461,0
1689873006853,2615,502,0,0,1210,1592,182,348,1040,364,1456,0
1689873007353,2606,464,0,0,1210,1594,182,348,1039,389,1456,0
1689873007853,2640,399,0,0,1212,1598,182,347,1040,398,1455,0
1689873008353,2653,709,0,0,1230,1605,183,348,1043,357,1460,0
1689873008853,2645,602,0,0,1228,1603,183,350,1041,371,1457,0
1689873009353,2627,496,0,0,1217,1603,182,349,1045,396,1458,0
1689873009853,2622,495,0,0,1220,1604,183,352,1045,391,1462,0
1689873010353,2603,457,0,0,1218,1605,182,350,1050,390,1470,0
1689873010853,2630,671,0,0,1228,1599,182,351,1048,396,1464,0
1689873011353,2638,777,0,0,1230,1602,182,351,1049,335,1464,0
1689873011853,2621,496,0,0,1219,1604,183,349,1043,410,1465,0
1689873012353,2622,448,0,0,1217,1608,183,349,1046,404,1464,0
1689873012853,2608,432,0,0,1215,1608,183,350,1049,401,1474,0
1689873013353,2640,666,0,0,1233,1610,183,350,1052,388,1463,0
1689873013853,2656,793,0,0,1236,1612,183,350,1054,367,1469,0
1689873014353,2641,494,0,0,1225,1613,183,351,1053,351,1473,0
1689873014853,2618,464,0,0,1218,1609,182,351,1055,377,1481,0
1689873015353,2619,508,0,0,1217,1609,183,352,1052,388,1470,0
1689873015853,2623,578,0,0,1226,1608,182,352,1050,374,1469,0
1689873016353,2650,811,0,0,1225,1611,181,350,1054,379,1471,0
1689873016853,2643,572,0,0,1224,1613,182,350,1054,374,1469,0
1689873017353,2625,543,0,0,1223,1613,183,351,1052,339,1459,0
1689873017853,2618,503,0,0,1221,1615,182,351,1055,382,1461,0
1689873018353,2623,426,0,0,1220,1617,183,351,1061,389,1474,0
1689873018853,2640,734,0,0,1240,1616,182,352,1062,356,1466,0
1689873019353,2640,690,0,0,1232,1616,181,352,1060,369,1468,0
1689873019853,2625,444,0,0,1221,1615,182,350,1061,364,1468,0
1689873020353,2618,484,0,0,1217,1615,180,350,1058,320,1472,0
1689873020853,2622,509,0,0,1219,1619,179,350,1062,344,1475,0
1689873021353,2647,679,0,0,1235,1622,183,354,1061,324,1468,0
1689873021853,2641,830,0,0,1235,1622,182,353,1066,344,1468,0
1689873022354,2639,496,0,0,1228,1625,183,353,1064,334,1472,0
1689873022854,2630,459,0,0,1222,1623,184,353,1066,316,1478,0
1689873023354,2609,509,0,0,1225,1621,184,352,1066,279,1470,0
1689873023854,2625,605,0,0,1228,1620,184,353,1070,298,1469,0
1689873024354,2642,818,0,0,1237,1624,184,353,1067,299,1467,0
1689873024854,2635,390,0,0,1227,1625,183,351,1068,288,1476,0
1689873025354,2624,439,0,0,1229,1625,183,351,1068,283,1466,0
1689873025854,2621,461,0,0,1224,1625,185,352,1070,262,1466,0
1689873026354,2635,522,0,0,1228,1630,184,351,1074,233,1464,0
1689873026854,2643,809,0,0,1241,1633,184,351,1075,246,1477,0
1689873027354,2638,594,0,0,1242,1632,185,352,1073,261,1469,0
1689873027854,2627,417,0,0,1227,1624,185,349,1076,245,1474,0
1689873028354,2624,413,0,0,1229,1622,183,350,1074,238,1473,0
1689873028854,2608,397,0,0,1226,1628,184,350,1072,228,1480,0
1689873029354,2644,725,0,0,1246,1635,184,352,1073,213,1465,0
1689873029854,2655,706,0,0,1237,1636,184,353,1074,219,1468,0
1689873030354,2639,400,0,0,1237,1636,185,354,1078,222,1469,0
1689873030854,2621,407,0,0,1235,1633,184,353,1077,217,1481,0
1689873031354,2623,400,0,0,1234,1633,184,352,1079,217,1484,0
1689873031854,2618,691,0,0,1245,1635,184,352,1079,219,1478,0
1689873032354,2633,794,0,0,1236,1631,184,352,1081,212,1480,0
1689873032854,2627,519,0,0,1230,1630,183,352,1079,215,1480,0
1689873033354,2620,445,0,0,1227,1631,183,352,1080,222,1487,0
1689873033854,2611,473,0,0,1237,1634,183,351,1079,217,1479,0
1689873034354,2624,702,0,0,1255,1639,185,351,1081,219,1472,0
1689873034854,2641,810,0,0,1222,1638,186,354,1086,225,1472,0
1689873035354,2637,489,0,0,1234,1639,187,355,1087,225,1477,0
1689873035854,2625,445,0,0,1235,1636,186,353,1088,230,1487,0
1689873036354,2610,501,0,0,1233,1628,186,353,1086,234,1477,0
1689873036854,2620,608,0,0,1236,1632,185,353,1087,235,1475,0
1689873037354,2637,822,0,0,1225,1635,187,348,1081,230,1474,0
1689873037854,2624,534,0,0,1218,1641,186,350,1084,233,1478,0
1689873038354,2621,466,0,0,1218,1636,186,351,1087,230,1475,0
1689873038854,2624,539,0,0,1230,1636,187,353,1089,232,1472,0
1689873039354,2626,571,0,0,1231,1638,187,353,1090,237,1477,0
1689873039854,2635,819,0,0,1242,1641,186,350,1092,231,1474,0
1689873040354,2618,545,0,0,1225,1642,187,350,1097,232,1479,0
1689873040854,2608,363,0,0,1221,1632,187,352,1097,234,1476,0
1689873041354,2608,432,0,0,1218,1633,186,349,1092,236,1477,0
1689873041854,2618,481,0,0,1215,1634,187,351,1106,231,1475,0
1689873042354,2637,784,0,0,1240,1643,187,350,1109,238,1472,0
1689873042854,2631,495,0,0,1216,1642,188,350,1110,232,1474,0
1689873043354,2625,449,0,0,1212,1637,188,352,1099,234,1465,0
1689873043854,2618,437,0,0,1208,1637,188,352,1116,230,1474,0
1689873044354,2608,428,0,0,1206,1637,188,351,1106,232,1474,0
1689873044854,2627,715,0,0,1215,1639,189,350,1122,228,1479,0
1689873045354,2624,705,0,0,1217,1639,189,348,1120,230,1481,0
1689873045854,2606,467,0,0,1204,1633,189,349,1104,226,1475,0
1689873046354,2619,439,0,0,1209,1639,189,350,1108,227,1470,0
1689873046854,2611,406,0,0,1202,1643,190,351,1113,225,1473,0
1689873047354,2646,670,0,0,1224,1647,190,355,1119,226,1469,0
1689873047854,2646,783,0,0,1224,1648,190,353,1125,226,1481,0
1689873048354,2631,456,0,0,1216,1646,191,353,1124,225,1478,0
1689873048854,2618,435,0,0,1208,1644,191,353,1119,225,1475,0
1689873049354,2613,400,0,0,1201,1639,190,355,1116,217,1477,0
1689873049854,2633,639,0,0,1222,1645,190,353,1127,222,1485,0
1689873050354,2641,831,0,0,1242,1644,190,353,1118,223,1467,0
1689873050854,2634,464,0,0,1213,1647,190,352,1116,219,1472,0
1689873051354,2631,399,0,0,1210,1643,192,353,1113,217,1472,0
1689873051854,2629,411,0,0,1216,1647,191,353,1128,224,1480,0
1689873052354,2651,671,0,0,1230,1647,192,353,1129,216,1480,0
1689873052854,2649,742,0,0,1239,1648,192,353,1127,201,1479,0
1689873053354,2615,490,0,0,1214,1640,192,355,1118,207,1477,0
1689873053854,2615,406,0,0,1213,1642,191,354,1123,205,1477,0
1689873054354,2603,389,0,0,1212,1645,192,352,1127,202,1481,0
1689873054854,2649,650,0,0,1234,1649,193,353,1130,199,1481,0
1689873055354,2640,546,0,0,1239,1650,191,354,1126,194,1469,0
1689873055854,2628,400,0,0,1222,1650,193,354,1131,195,1472,0
1689873056354,2626,379,0,0,1224,1650,192,355,1130,205,1473,0
1689873056854,2613,382,0,0,1227,1648,192,354,1131,202,1482,0
1689873057354,2641,186,0,0,1232,1653,192,352,1134,199,1496,0
1689873057854,2686,498,0,0,1255,1649,190,355,1133,198,1484,0
1689873058354,2701,566,0,0,1261,1649,191,352,1128,194,1476,0
1689873058854,2717,509,0,0,1254,1652,192,353,1129,201,1476,0
1689873059354,2701,592,0,0,1261,1658,192,354,1124,212,1468,0
1689873059854,2665,402,0,0,1230,1656,194,354,1121,209,1478,0
1689873060354,2638,343,0,0,1224,1653,192,355,1122,211,1478,0
1689873060854,2623,395,0,0,1229,1654,193,354,1121,208,1492,0
1689873061354,2616,318,0,0,1225,1655,193,355,1124,218,1501,0
1689873061854,2624,583,0,0,1238,1653,194,357,1117,213,1479,0
1689873062354,2621,592,0,0,1237,1654,193,356,1118,214,1478,0
1689873062854,2621,462,0,0,1231,1652,192,356,1102,212,1476,0
1689873063354,2608,416,0,0,1230,1653,193,355,1102,214,1477,0
1689873063854,2599,416,0,0,1232,1661,192,355,1119,201,1492,0
1689873064354,2627,583,0,0,1238,1660,193,356,1111,196,1471,0
1689873064854,2640,706,0,0,1263,1661,193,355,1114,198,1470,0
1689873065354,2634,481,0,0,1242,1661,193,355,1109,197,1474,0
1689873065854,2608,428,0,0,1235,1661,194,355,1112,201,1475,0
1689873066354,2598,376,0,0,1232,1658,193,354,1121,188,1491,0
1689873066854,2599,371,0,0,1237,1659,194,352,1130,153,1498,0
1689873067354,2626,691,0,0,1257,1660,192,354,1122,174,1478,0
1689873067854,2639,690,0,0,1250,1666,193,354,1122,175,1476,0
1689873068354,2619,419,0,0,1237,1666,193,353,1119,162,1475,0
1689873068854,2601,451,0,0,1231,1665,193,351,1121,138,1493,0
1689873069354,2601,450,0,0,1233,1663,194,352,1130,103,1489,0
1689873069854,2608,560,0,0,1235,1665,194,355,1125,103,1482,0
1689873070354,2611,752,0,0,1259,1661,194,354,1127,79,1479,0
1689873070854,2605,394,0,0,1232,1659,193,352,1136,59,1498,0
1689873071354,2583,411,0,0,1228,1659,193,353,1126,39,1481,0
1689873071854,2592,416,0,0,1224,1660,193,352,1127,27,1486,0
1689873072354,2577,446,0,0,1221,1666,194,354,1129,11,1489,0
1689873072854,2608,576,0,0,1228,1667,194,355,1128,0,1474,0
1689873073354,2622,773,0,0,1249,1669,193,357,1136,0,1476,0
1689873073854,2618,561,0,0,1219,1667,194,358,1121,0,1483,0
1689873074354,2590,471,0,0,1204,1668,194,356,1128,0,1494,0
1689873074854,2576,444,0,0,1250,1661,193,353,1140,0,1502,0
1689873075354,2576,528,0,0,1256,1662,194,354,1125,0,1488,0
1689873075854,2607,709,0,0,1275,1663,195,356,1135,0,1488,0
1689873076354,2622,780,0,0,1282,1670,193,355,1136,0,1477,0
1689873076854,2613,523,0,0,1263,1671,195,357,1130,0,1489,0
1689873077354,2601,464,0,0,1255,1670,195,357,1144,0,1500,0
1689873077854,2606,560,0,0,1264,1671,194,358,1129,0,1491,0
1689873078354,2619,592,0,0,1267,1674,194,356,1138,17,1487,0
1689873078854,2611,779,0,0,1280,1671,193,357,1142,13,1498,0
1689873079354,2608,522,0,0,1259,1667,194,357,1141,0,1493,0
1689873079854,2597,531,0,0,1255,1666,194,356,1138,40,1492,0
1689873080354,2598,464,0,0,1255,1667,193,357,1136,57,1482,0
1689873080854,2586,470,0,0,1261,1673,195,357,1141,66,1495,0
1689873081354,2622,662,0,0,1281,1674,194,359,1137,111,1485,0
1689873081854,2630,816,0,0,1300,1674,195,359,1143,142,1482,0
1689873082354,2610,448,0,0,1271,1674,195,358,1146,166,1504,0
1689873082854,2590,531,0,0,1263,1670,194,359,1142,203,1482,0
1689873083354,2591,528,0,0,1261,1667,195,360,1141,238,1490,0
1689873083854,2601,526,0,0,1265,1669,195,359,1146,288,1489,0
1689873084354,2614,812,0,0,1294,1671,194,357,1144,323,1511,0
1689873084854,2630,709,0,0,1281,1675,194,357,1146,357,1494,0
1689873085354,2634,695,0,0,1288,1677,195,358,1145,391,1488,0
1689873085854,2630,562,0,0,1280,1677,194,360,1147,435,1495,0
1689873086354,2624,547,0,0,1269,1678,193,359,1148,481,1498,0
1689873086854,2619,496,0,0,1273,1676,194,357,1151,512,1516,0
1689873087354,2608,451,0,0,1292,1675,194,360,1151,559,1498,0
1689873087854,2607,473,0,0,1296,1666,194,360,1150,588,1499,0
1689873088354,2578,546,0,0,1278,1671,195,359,1150,638,1504,0
1689873088854,2597,505,0,0,1285,1664,194,358,1148,665,1495,0
1689873089354,2624,365,0,0,1306,1678,195,358,1150,702,1490,0
1689873089854,2667,623,0,0,1320,1678,195,358,1148,740,1480,0
1689873090354,2638,281,0,0,1277,1672,195,359,1153,789,1490,0
1689873090854,2623,330,0,0,1270,1676,193,356,1157,826,1510,0
1689873091354,2609,391,0,0,1268,1676,192,357,1149,862,1493,0
1689873091854,2602,423,0,0,1265,1674,194,358,1146,884,1489,0
1689873092354,2583,502,0,0,1271,1673,194,359,1134,896,1485,0
1689873092854,2589,590,0,0,1275,1675,194,355,1151,901,1506,0
1689873093354,2640,756,0,0,1313,1680,194,356,1148,867,1485,0
1689873093854,2624,494,0,0,1287,1680,195,358,1149,846,1489,0
1689873094354,2576,506,0,0,1275,1672,194,357,1151,782,1489,0
1689873094854,2593,368,0,0,1264,1675,195,356,1153,727,1494,0
1689873095354,2624,688,0,0,1308,1678,195,356,1153,657,1508,0
1689873095854,2624,523,0,0,1283,1677,195,355,1148,615,1490,0
1689873096354,2619,463,0,0,1276,1677,195,357,1148,569,1489,0
1689873096854,2607,448,0,0,1277,1676,194,356,1148,524,1489,0
1689873097354,2599,519,0,0,1278,1676,195,357,1151,494,1507,0
1689873097854,2599,547,0,0,1291,1675,195,357,1147,456,1489,0
1689873098354,2558,576,0,0,1300,1676,196,359,1147,426,1489,0
1689873098854,2534,469,0,0,1297,1669,195,357,1145,361,1487,0
1689873099354,2522,347,0,0,1279,1675,195,354,1146,368,1513,0
1689873099854,2551,585,0,0,1303,1679,196,357,1131,345,1493,0
1689873100354,2611,807,0,0,1317,1679,194,357,1139,317,1486,0
1689873100854,2611,777,0,0,1303,1680,195,357,1144,294,1485,0
1689873101354,2608,699,0,0,1288,1680,196,357,1135,274,1493,0
1689873101854,2618,624,0,0,1287,1685,196,355,1150,232,1506,0
1689873102354,2594,562,0,0,1287,1686,196,358,1148,244,1493,0
1689873102854,2590,528,0,0,1280,1683,195,357,1154,232,1495,0
1689873103354,2582,463,0,0,1277,1682,196,355,1154,223,1513,0
1689873103854,2578,526,0,0,1283,1679,195,356,1149,214,1497,0
1689873104355,2576,585,0,0,1291,1677,195,356,1151,209,1492,0
1689873104855,2558,495,0,0,1298,1673,195,358,1154,207,1495,0
1689873105355,2559,462,0,0,1295,1674,196,356,1148,216,1492,0
1689873105855,2601,583,0,0,1283,1680,195,355,1153,227,1499,0
1689873106355,2634,802,0,0,1322,1685,195,356,1150,220,1480,0
1689873106855,2623,709,0,0,1300,1685,195,357,1137,221,1495,0
1689873107355,2607,554,0,0,1281,1681,195,357,1156,229,1492,0
1689873107855,2590,463,0,0,1274,1681,198,353,1159,223,1518,0
1689873108355,2594,541,0,0,1278,1680,198,354,1152,228,1501,0
1689873108855,2569,577,0,0,1280,1678,198,355,1141,235,1495,0
1689873109355,2576,522,0,0,1272,1681,198,354,1142,232,1510,0
1689873109855,2615,739,0,0,1309,1683,199,354,1158,230,1510,0
1689873110355,2633,675,0,0,1298,1685,198,354,1154,231,1497,0
1689873110855,2619,567,0,0,1286,1687,199,355,1143,229,1496,0
1689873111355,2596,596,0,0,1302,1680,199,357,1143,225,1495,0
1689873111855,2582,591,0,0,1300,1680,200,355,1162,233,1516,0
1689873112355,2576,499,0,0,1300,1677,199,355,1158,223,1518,0
1689873112855,2611,649,0,0,1309,1683,198,356,1157,200,1499,0
1689873113355,2630,803,0,0,1325,1685,199,358,1159,210,1496,0
1689873113855,2615,592,0,0,1280,1686,199,359,1148,202,1505,0
1689873114355,2627,450,0,0,1268,1687,197,357,1159,195,1516,0
1689873114855,2626,621,0,0,1303,1691,199,358,1148,180,1501,0
1689873115355,2627,673,0,0,1304,1692,200,359,1158,164,1503,0
1689873115855,2625,567,0,0,1286,1686,199,359,1148,153,1500,0
1689873116355,2615,508,0,0,1281,1686,198,359,1165,133,1520,0
1689873116855,2611,582,0,0,1293,1685,199,359,1144,126,1507,0
1689873117355,2618,557,0,0,1305,1685,200,359,1157,123,1499,0
1689873117855,2615,415,0,0,1298,1685,199,358,1161,122,1520,0
1689873118355,2639,695,0,0,1317,1683,201,360,1158,116,1500,0
1689873118855,2646,702,0,0,1323,1687,200,359,1159,107,1501,0
1689873119355,2640,636,0,0,1306,1690,200,361,1159,114,1501,0
1689873119855,2637,527,0,0,1288,1686,199,362,1163,118,1517,0
1689873120355,2612,528,0,0,1283,1687,201,360,1169,136,1525,0
1689873120855,2623,601,0,0,1302,1686,200,360,1162,133,1513,0
1689873121355,2618,496,0,0,1297,1686,201,361,1163,129,1520,0
1689873121855,2629,760,0,0,1326,1687,200,361,1164,133,1506,0
1689873122355,2640,777,0,0,1322,1687,201,360,1167,162,1523,0
1689873122855,2647,580,0,0,1299,1686,200,359,1169,154,1525,0
1689873123355,2640,630,0,0,1308,1690,201,360,1165,179,1521,0
1689873123855,2620,656,0,0,1297,1692,202,361,1166,172,1525,0
1689873124355,2615,530,0,0,1286,1686,201,364,1169,176,1525,0
1689873124855,2608,441,0,0,1287,1687,200,359,1174,188,1537,0
1689873125355,2630,732,0,0,1322,1686,201,361,1164,210,1520,0
1689873125855,2634,839,0,0,1327,1686,201,360,1168,197,1527,0
1689873126355,2627,523,0,0,1296,1688,200,361,1165,211,1526,0
1689873126855,2610,402,0,0,1287,1690,200,358,1171,209,1535,0
1689873127355,2637,698,0,0,1322,1688,201,359,1169,215,1524,0
1689873127855,2656,671,0,0,1307,1694,201,357,1165,216,1516,0
1689873128355,2618,521,0,0,1293,1690,201,359,1167,222,1520,0
1689873128855,2464,0,0,0,1145,1624,246,368,798,225,1451,0
1689873129355,2417,769,0,0,1417,1429,231,286,514,229,556,0
1689873129855,0,0,0,0,1929,1587,325,283,617,4039,80,351
1689873196821,1987,2074,0,648,1900,1189,484,72,0,3585,0,1200
1689873197321,2032,2015,0,701,1912,1203,485,74,0,3574,0,1217
1689873197821,2005,1899,0,423,1915,1209,480,64,0,3598,0,1229
1689873198321,1947,1926,0,134,1913,1206,482,64,0,3572,0,1242
1689873198821,1995,1990,0,112,1925,1207,490,66,0,3574,0,1254
1689873199321,1906,1911,0,70,1931,1198,493,52,0,3617,0,1263
1689873199821,2007,1961,0,256,1934,1209,493,54,0,3572,0,1269
1689873200321,2071,2005,0,354,1932,1205,490,67,0,3562,0,1273
1689873200821,2064,2017,0,268,1932,1204,494,71,0,3568,0,1278
1689873201321,1982,2003,0,96,1934,1208,493,74,0,3534,0,1284
1689873201821,1663,2011,0,549,1944,1183,495,66,0,3528,0,1285
1689873202321,1708,1982,0,284,1946,1177,496,57,0,3533,0,1292
1689873202821,1744,1979,0,0,1952,1186,496,57,0,3556,0,1302
1689873203321,1465,1824,0,146,1956,1200,495,56,0,3548,0,1302
1689873203821,743,1843,0,126,1962,1047,495,24,0,3567,0,1288
1689873204321,599,1865,0,39,1956,1084,495,63,0,3563,0,1291
1689873204821,811,1865,0,0,1954,1102,491,65,0,3564,0,1300
1689873205321,834,1835,0,0,1955,1128,489,81,0,3589,0,1304
1689873205821,903,1744,0,0,1955,1143,490,83,0,3596,0,1312
1689873206321,1139,1866,0,0,1910,1154,499,73,0,3601,0,1308
1689873206821,1087,1810,0,0,1913,1155,498,55,0,3598,0,1314
1689873207321,821,1806,0,0,1926,1122,498,72,0,3613,0,1319
1689873207821,767,1789,0,0,1936,1119,501,76,0,3626,0,1324
1689873208321,857,1790,0,0,1936,1131,501,69,0,3673,0,1322
1689873208821,960,1824,0,0,1938,1138,501,74,0,3654,0,1325
1689873209321,1206,1910,0,0,1941,1154,502,74,0,3627,0,1320
1689873209821,1186,1837,0,0,1948,1165,501,72,0,3661,0,1327
1689873210321,1231,1833,0,0,1947,1160,504,73,0,3626,0,1336
1689873210821,1281,1882,0,0,1939,1164,501,83,0,3649,0,1336
1689873211321,1255,1904,0,0,1946,1159,496,84,0,3658,0,1338
1689873211821,1296,1872,0,0,1952,1168,500,84,0,3653,0,1336
1689873212321,1379,1927,0,0,1955,1179,504,87,0,3684,0,1344
1689873212821,1372,1830,0,0,1958,1183,504,82,0,3651,0,1347
1689873213321,1359,1830,0,0,1960,1181,502,83,0,3809,0,1351
1689873213821,1377,1840,0,0,1963,1192,504,84,0,3836,0,1352
1689873214321,1412,1863,0,0,1964,1195,503,87,0,3914,0,1349
1689873214821,1411,1826,0,0,1962,1200,505,86,0,3891,0,1349
1689873215321,1497,1921,0,0,1959,1205,505,90,0,3919,0,1359
1689873215821,1498,1898,0,0,1964,1210,503,86,0,3908,0,1353
1689873216321,1441,1851,0,0,1963,1216,504,89,0,3906,0,1356
1689873216821,1435,1831,0,0,1964,1221,502,90,0,3922,0,1357
1689873217321,1455,1871,0,0,1964,1217,504,91,0,3934,0,1359
1689873217821,1467,1870,0,0,1965,1223,497,91,0,3958,0,1362
1689873218321,1566,1943,0,0,1966,1222,498,88,0,3963,0,1364
1689873218821,1559,1942,0,0,1967,1228,498,91,0,3973,0,1368
1689873219321,1502,1877,0,0,1962,1224,497,91,0,3978,0,1370
1689873219821,1481,1894,0,0,1967,1220,498,92,0,3978,0,1377
1689873220321,1502,1905,0,0,1972,1218,498,91,0,3980,0,1375
1689873220821,1595,1913,0,0,1975,1228,499,93,0,3973,0,1368
1689873221321,1677,1983,0,0,1974,1222,492,96,0,3987,0,1369
1689873221821,1600,1890,0,0,1974,1219,495,87,0,3991,0,1374
1689873222321,1526,1861,0,0,1973,1222,494,82,0,3991,0,1380
1689873222821,1502,1859,0,0,1976,1217,495,88,0,3994,0,1382
1689873223321,1517,1863,0,0,1977,1219,493,89,0,3994,0,1381
1689873223821,1552,1895,0,0,1969,1214,493,91,0,3992,0,1385
1689873224321,1609,1916,0,0,1979,1232,492,94,0,3995,0,1382
1689873224821,1667,1969,0,0,1981,1235,494,96,0,3984,0,1385
1689873225321,1630,1904,0,0,1979,1235,494,95,0,3995,0,1382
1689873225821,1570,1889,0,0,1979,1232,494,98,0,3993,0,1387
1689873226321,1568,1898,0,0,1979,1239,495,101,0,3999,0,1391
1689873226821,1595,1906,0,0,1974,1245,494,101,0,3997,0,1391
1689873227321,1621,1921,0,0,1979,1244,492,98,0,4001,0,1391
1689873227821,1693,1971,0,0,1978,1247,496,97,0,4000,0,1394
1689873228322,1667,1963,0,0,1976,1248,494,98,0,3992,0,1394
1689873228822,1600,1935,0,0,1982,1247,495,98,0,3990,0,1398
1689873229322,1584,1942,0,0,1983,1255,496,100,0,3982,0,1398
1689873229822,1575,1942,0,0,1982,1248,497,100,0,3989,0,1395
1689873230322,1638,1966,0,0,1985,1255,496,100,0,3993,0,1401
1689873230822,1694,2006,0,0,1984,1258,496,98,0,3992,0,1402
1689873231322,1649,1965,0,0,1987,1258,496,103,0,3998,0,1400
1689873231822,1591,1918,0,0,1988,1258,493,101,0,4002,0,1401
1689873232322,1582,1933,0,0,1983,1262,498,102,0,4000,0,1403
1689873232822,1603,1951,0,0,1988,1267,496,103,0,3996,0,1405
1689873233322,1606,1961,0,0,1988,1268,498,102,0,3982,0,1406
1689873233822,1677,2006,0,0,1990,1275,498,104,0,3995,0,1401
1689873234322,1687,2014,0,0,1988,1273,499,103,0,3995,0,1408
1689873234822,1648,1968,0,0,1983,1271,499,104,0,3998,0,1407
1689873235322,1579,1967,0,0,1988,1269,498,105,0,3999,0,1415
1689873235822,1611,1964,0,0,1989,1263,499,105,0,4000,0,1414
1689873236322,1662,1957,0,0,1987,1267,498,104,0,4001,0,1411
1689873236822,1707,1998,0,0,1987,1269,497,104,0,4001,0,1402
1689873237322,1766,2057,0,0,1993,1264,496,105,0,4003,0,1405
1689873237822,1705,2004,0,0,1995,1261,497,105,0,3995,0,1410
1689873238322,1551,2010,0,93,1996,1259,496,98,0,4009,0,1405
1689873238822,1492,2015,0,0,1995,1254,498,96,0,4009,0,1416
1689873239322,1600,2025,0,0,1998,1246,500,106,0,4009,0,1415
1689873239822,1629,2026,0,0,1996,1247,500,107,0,4009,0,1416
1689873240322,1671,2021,0,0,1995,1251,501,107,0,4010,0,1414
1689873240822,1719,2032,0,0,1989,1242,484,108,0,4009,0,1408
1689873241322,1809,2055,0,0,1994,1239,487,107,0,4007,0,1416
1689873241822,1754,1963,0,0,1995,1228,488,102,0,3996,0,1420
1689873242322,1808,1973,0,0,1994,1195,488,103,0,4004,0,1408
1689873242822,1784,1894,0,0,1991,1212,486,105,0,4000,0,1412
1689873243322,1712,1921,0,0,1989,1199,488,102,0,4000,0,1415
1689873243822,1820,1980,0,0,1988,1204,487,105,0,3996,0,1413
1689873244322,1786,1967,0,0,1992,1213,489,105,0,3999,0,1412
1689873244822,1744,1924,0,0,1990,1219,486,103,0,3996,0,1414
1689873245322,1712,1951,0,0,1990,1211,489,105,0,3998,0,1420
1689873245822,1723,1960,0,0,1993,1219,488,101,0,4002,0,1420
1689873246322,1727,1970,0,0,1994,1228,491,104,0,3992,0,1422
1689873246822,1805,1998,0,0,1994,1220,490,107,0,4001,0,1416
1689873247322,1834,2021,0,0,1994,1221,490,107,0,3996,0,1427
1689873247822,1772,1983,0,0,1993,1222,489,104,0,4005,0,1426
1689873248322,1732,1983,0,0,1995,1209,491,100,0,4003,0,1425
1689873248822,1696,1993,0,0,1996,1209,492,103,0,4002,0,1427
1689873249322,1673,1973,0,0,1987,1206,491,100,0,3990,0,1425
1689873249822,1754,2022,0,0,1995,1218,490,106,0,4000,0,1426
1689873250322,1825,2045,0,0,1992,1218,494,106,0,3991,0,1422
1689873250822,1774,2004,0,0,1996,1216,494,104,0,4002,0,1425
1689873251322,1722,2017,0,0,1996,1207,495,104,0,4003,0,1426
1689873251822,1713,2023,0,0,1996,1204,495,100,0,3997,0,1430
1689873252322,1707,2011,0,0,1992,1202,492,104,0,3989,0,1431
1689873252822,1790,2046,0,0,1998,1205,493,104,0,4000,0,1424
1689873253322,1799,2069,0,0,1997,1202,492,103,0,3996,0,1429
1689873253822,1808,2053,0,0,1997,1206,492,106,0,4000,0,1432
1689873254322,1744,2014,0,0,2002,1211,493,102,0,4001,0,1438
1689873254822,1727,2031,0,0,2002,1215,494,103,0,3987,0,1437
1689873255322,1734,2042,0,0,2002,1209,491,106,0,3992,0,1434
1689873255822,1717,2035,0,0,2001,1211,493,105,0,3995,0,1440
1689873256322,1757,2035,0,0,2003,1212,494,106,0,4004,0,1438
1689873256822,1840,2083,0,0,2002,1226,494,107,0,4005,0,1434
1689873257322,1846,2097,0,0,2000,1226,493,107,0,4006,0,1436
1689873257822,1774,2028,0,0,1993,1220,495,105,0,4009,0,1434
1689873258322,1717,2023,0,0,2003,1225,493,100,0,4013,0,1438
1689873258822,1734,2030,0,0,2003,1236,492,103,0,3997,0,1442
1689873259322,1734,2032,0,0,2003,1234,493,102,0,4002,0,1435
1689873259822,1787,2047,0,0,2007,1242,491,103,0,3999,0,1438
1689873260322,1839,2082,0,0,2005,1237,491,107,0,3992,0,1437
1689873260822,1797,2035,0,0,2007,1225,492,106,0,3995,0,1442
1689873261322,1775,2020,0,0,2004,1234,493,106,0,3996,0,1442
1689873261822,1713,2010,0,0,1999,1234,491,104,0,3992,0,1446
1689873262322,1744,2023,0,0,2002,1227,491,106,0,3993,0,1450
1689873262822,1837,2073,0,0,2008,1222,489,98,0,3991,0,1442
1689873263322,1866,2106,0,0,2009,1197,491,101,0,3978,0,1440
1689873263822,1819,2034,0,0,2010,1207,490,100,0,3978,0,1438
1689873264322,1766,2015,0,0,2010,1195,494,96,0,3993,0,1447
1689873264822,1781,2046,0,0,2010,1186,492,100,0,3985,0,1445
1689873265322,1766,2035,0,0,2009,1175,491,93,0,3973,0,1446
1689873265822,1827,2084,0,0,2009,1178,495,101,0,3983,0,1442
1689873266322,1869,2086,0,0,1999,1170,495,102,0,3980,0,1437
1689873266822,1805,2021,0,0,2009,1183,492,102,0,3984,0,1440
1689873267322,1776,2006,0,0,2010,1189,503,91,0,3974,0,1438
1689873267822,1767,2019,0,0,2010,1194,504,91,0,3971,0,1438
1689873268322,1786,2033,0,0,2005,1194,501,91,0,3977,0,1437
1689873268822,1808,2046,0,0,2007,1197,504,91,0,3955,0,1438
1689873269322,1872,2094,0,0,2008,1195,502,97,0,3946,0,1438
1689873269822,1839,2033,0,0,2010,1199,503,96,0,3936,0,1443
1689873270322,1801,2016,0,0,2008,1208,501,98,0,3937,0,1438
1689873270822,1789,2031,0,0,2006,1213,504,98,0,3936,0,1440
1689873271322,1812,2061,0,0,2012,1221,503,102,0,3938,0,1440
1689873271822,1890,2096,0,0,2009,1220,503,106,0,3948,0,1438
1689873272322,1863,2064,0,0,2011,1229,503,98,0,3958,0,1437
1689873272822,1824,2025,0,0,2012,1231,503,99,0,3959,0,1440
1689873273322,1791,2026,0,0,2014,1233,505,99,0,3963,0,1443
1689873273822,1808,2029,0,0,2007,1233,501,98,0,3943,0,1437
1689873274322,1859,2087,0,0,2013,1240,505,98,0,3957,0,1440
1689873274822,1876,2118,0,0,2012,1244,505,101,0,3949,0,1441
1689873275322,1847,2095,0,0,2016,1244,502,95,0,3950,0,1444
1689873275822,1811,2128,0,0,2017,1249,504,98,0,3949,0,1441
1689873276322,1797,2127,0,0,2009,1244,510,98,0,3949,0,1447
1689873276822,1831,2130,0,0,2018,1250,511,100,0,3956,0,1442
1689873277322,1877,2181,0,0,2012,1248,510,103,0,3958,0,1448
1689873277822,1879,2176,0,0,2013,1251,510,106,0,3954,0,1446
1689873278322,1840,2119,0,0,2011,1254,509,105,0,3947,0,1441
1689873278822,1809,2122,0,0,2013,1252,510,106,0,3947,0,1444
1689873279322,1813,2133,0,0,2012,1255,510,106,0,3960,0,1448
1689873279822,1872,2174,0,0,2019,1264,508,111,0,3961,0,1445
1689873280322,1915,2214,0,0,2016,1267,512,109,0,3953,0,1447
1689873280822,1853,2126,0,0,2013,1266,511,109,0,3929,0,1451
1689873281322,1858,2128,0,0,2016,1268,511,111,0,3950,0,1454
1689873281822,1842,2146,0,0,2011,1264,513,111,0,3951,0,1456
1689873282322,1872,2160,0,0,2014,1269,510,110,0,3956,0,1450
1689873282822,1911,2202,0,0,2012,1272,513,110,0,3945,0,1456
1689873283322,1874,2138,0,0,2013,1274,511,111,0,3940,0,1452
1689873283822,1861,2137,0,0,2015,1278,512,112,0,3952,0,1453
1689873284322,1849,2145,0,0,2019,1282,514,112,0,3953,0,1456
1689873284822,1868,2157,0,0,2019,1282,514,111,0,3956,0,1454
1689873285322,1873,2156,0,0,2019,1282,514,111,0,3960,0,1453
1689873285822,1910,2199,0,0,2017,1279,515,110,0,3955,0,1457
1689873286322,1907,2192,0,0,2015,1284,513,110,0,3973,0,1459
1689873286822,1861,2123,0,0,2015,1284,514,108,0,3965,0,1461
1689873287322,1794,2096,0,0,2016,1284,513,109,0,3973,0,1460
1689873287822,1819,2134,0,0,2015,1285,513,111,0,3967,0,1453
1689873288322,1834,2143,0,0,2023,1289,515,111,0,3976,0,1453
1689873288822,1913,2205,0,0,2022,1292,516,109,0,3977,0,1454
1689873289322,1904,2167,0,0,2022,1291,516,110,0,3988,0,1458
1689873289822,1859,2128,0,0,2022,1290,519,112,0,3991,0,1460
1689873290322,1845,2137,0,0,2015,1285,514,112,0,3974,0,1465
1689873290822,1910,2126,0,0,2014,1291,512,111,0,3972,0,1466
1689873291322,1917,2156,0,0,2016,1292,513,107,0,3969,0,1465
1689873291822,1919,2175,0,0,2012,1296,512,109,0,3956,0,1459
1689873292322,1867,2103,0,0,2013,1296,512,111,0,3944,0,1457
1689873292822,1847,2129,0,0,2020,1296,514,111,0,3944,0,1460
1689873293322,1845,2138,0,0,2023,1299,518,113,0,3941,0,1459
1689873293822,1877,2160,0,0,2022,1302,518,113,0,3946,0,1458
1689873294322,1915,2201,0,0,2015,1297,520,114,0,3938,0,1464
1689873294822,1859,2146,0,0,2016,1296,516,113,0,3939,0,1464
1689873295322,1795,2133,0,0,2017,1297,515,107,0,3939,0,1466
1689873295822,1815,2131,0,0,2019,1304,515,109,0,3934,0,1464
1689873296322,1831,2128,0,0,2016,1300,513,106,0,3933,0,1463
1689873296822,1878,2186,0,0,2025,1308,515,109,0,3944,0,1462
1689873297322,1904,2208,0,0,2023,1312,512,112,0,3952,0,1461
1689873297822,1855,2125,0,0,2025,1311,515,109,0,3958,0,1467
1689873298322,1840,2131,0,0,2024,1312,516,109,0,3960,0,1469
1689873298822,1839,2141,0,0,2017,1310,515,111,0,3954,0,1470
1689873299322,1844,2128,0,0,2019,1308,510,109,0,3951,0,1471
1689873299822,1894,2189,0,0,2020,1312,512,114,0,3942,0,1466
1689873300322,1886,2176,0,0,2019,1314,510,113,0,3938,0,1461
1689873300822,1859,2113,0,0,2021,1315,512,113,0,3948,0,1464
1689873301322,1869,2143,0,0,2025,1320,510,113,0,3950,0,1463
1689873301822,1865,2151,0,0,2026,1317,513,110,0,3947,0,1463
1689873302322,1887,2153,0,0,2028,1319,514,112,0,3947,0,1465
1689873302822,1915,2191,0,0,2020,1315,512,113,0,3959,0,1468
1689873303322,1902,2177,0,0,2021,1317,513,115,0,3950,0,1468
1689873303822,1869,2131,0,0,2020,1319,511,115,0,3949,0,1468
1689873304322,1863,2131,0,0,2023,1321,513,115,0,3938,0,1470
1689873304822,1861,2151,0,0,2021,1319,514,112,0,3944,0,1462
1689873305322,1904,2165,0,0,2031,1325,514,112,0,3939,0,1461
1689873305822,1942,2210,0,0,2030,1326,515,115,0,3942,0,1461
1689873306322,1932,2160,0,0,2032,1324,515,116,0,3948,0,1460
1689873306822,1872,2135,0,0,2025,1323,516,116,0,3943,0,1465
1689873307322,1871,2144,0,0,2024,1323,516,116,0,3949,0,1465
1689873307822,1824,2135,0,0,2026,1324,516,116,0,3954,0,1472
1689873308322,1904,2191,0,0,2027,1327,516,118,0,3944,0,1464
1689873308822,1925,2210,0,0,2028,1325,516,116,0,3941,0,1458
1689873309322,1899,2149,0,0,2028,1327,515,115,0,3937,0,1462
1689873309822,1858,2142,0,0,2035,1320,517,110,0,3936,0,1464
1689873310322,1872,2167,0,0,2034,1323,516,113,0,3932,0,1463
1689873310822,1883,2181,0,0,2028,1319,515,115,0,3945,0,1457
1689873311322,1926,2206,0,0,2030,1324,513,118,0,3970,0,1464
1689873311822,1877,2128,0,0,2030,1320,515,113,0,3969,0,1465
1689873312322,1852,2133,0,0,2030,1319,512,111,0,3961,0,1464
1689873312822,1871,2141,0,0,2029,1315,513,113,0,3951,0,1459
1689873313322,1883,2162,0,0,2028,1323,514,114,0,3955,0,1460
1689873313822,1913,2225,0,0,2036,1328,516,115,0,3946,0,1458
1689873314322,1920,2179,0,0,2035,1328,516,116,0,3944,0,1458
1689873314822,1876,2154,0,0,2035,1325,516,112,0,3957,0,1459
1689873315322,1885,2151,0,0,2032,1326,514,113,0,3956,0,1463
1689873315822,1910,2174,0,0,2028,1326,514,114,0,3956,0,1464
1689873316322,1946,2215,0,0,2030,1327,513,117,0,3951,0,1466
1689873316822,1919,2145,0,0,2030,1330,513,115,0,3945,0,1466
1689873317322,1902,2153,0,0,2031,1328,513,115,0,3961,0,1460
1689873317822,1903,2166,0,0,2029,1327,514,115,0,3954,0,1461
1689873318322,1926,2160,0,0,2036,1332,515,117,0,3951,0,1461
1689873318823,1977,2221,0,0,2038,1335,517,119,0,3938,0,1459
1689873319323,1945,2180,0,0,2039,1334,518,116,0,3949,0,1457
1689873319823,1908,2145,0,0,2038,1338,518,117,0,3957,0,1462
1689873320323,1890,2144,0,0,2033,1330,516,115,0,3951,0,1465
1689873320823,1903,2160,0,0,2032,1330,516,115,0,3940,0,1460
1689873321323,1935,2189,0,0,2034,1334,516,119,0,3940,0,1455
1689873321823,1968,2214,0,0,2033,1330,515,120,0,3934,0,1451
1689873322323,1966,2175,0,0,2037,1335,513,119,0,3928,0,1451
1689873322823,1904,2158,0,0,2038,1335,518,117,0,3952,0,1455
1689873323323,1914,2160,0,0,2038,1332,518,116,0,3943,0,1455
1689873323823,1941,2185,0,0,2037,1336,517,118,0,3960,0,1455
1689873324323,1968,2220,0,0,2034,1327,517,119,0,3958,0,1453
1689873324823,1963,2188,0,0,2033,1330,515,119,0,3942,0,1452
1689873325323,1919,2135,0,0,2034,1328,515,118,0,3948,0,1455
1689873325823,1906,2158,0,0,2033,1330,516,119,0,3949,0,1450
1689873326323,1906,2163,0,0,2034,1325,517,118,0,3935,0,1450
1689873326823,1969,2220,0,0,2040,1334,516,118,0,3927,0,1450
1689873327323,1985,2230,0,0,2040,1338,520,121,0,3931,0,1454
1689873327823,1939,2123,0,0,2040,1335,518,117,0,3957,0,1453
1689873328323,1913,2133,0,0,2039,1333,518,119,0,3946,0,1458
1689873328823,1913,2142,0,0,2035,1329,518,122,0,3951,0,1456
1689873329323,1936,2153,0,0,2035,1331,519,120,0,3948,0,1454
1689873329823,1979,2217,0,0,2036,1334,517,121,0,3946,0,1447
1689873330323,1965,2171,0,0,2037,1338,518,120,0,3943,0,1447
1689873330823,1947,2151,0,0,2041,1338,517,120,0,3930,0,1445
1689873331323,1921,2147,0,0,2043,1335,517,121,0,3901,0,1448
1689873331823,1957,2169,0,0,2041,1338,519,121,0,3946,0,1445
1689873332323,1999,2229,0,0,2042,1344,519,121,0,3957,0,1443
1689873332823,1951,2141,0,0,2035,1336,516,120,0,3937,0,1446
1689873333323,1936,2147,0,0,2035,1337,514,121,0,3969,0,1447
1689873333823,1936,2161,0,0,2036,1342,517,122,0,3946,0,1448
1689873334323,1983,2202,0,0,2034,1343,518,120,0,3930,0,1435
1689873334823,2013,2245,0,0,2036,1342,518,121,0,3935,0,1436
1689873335323,1999,2178,0,0,2043,1343,515,121,0,3956,0,1437
1689873335823,1968,2153,0,0,2042,1336,517,118,0,3956,0,1441
1689873336323,1969,2171,0,0,2043,1342,517,121,0,3954,0,1441
1689873336823,1963,2159,0,0,2044,1342,518,123,0,3944,0,1445
1689873337323,2011,2222,0,0,2036,1339,517,123,0,3944,0,1440
1689873337823,1995,2192,0,0,2036,1338,515,121,0,3939,0,1442
1689873338323,1974,2133,0,0,2037,1339,516,120,0,3943,0,1438
1689873338823,1956,2134,0,0,2038,1332,518,121,0,3939,0,1441
1689873339323,1966,2160,0,0,2039,1329,518,120,0,3935,0,1438
1689873339823,2006,2219,0,0,2045,1336,518,123,0,3948,0,1435
1689873340323,2023,2229,0,0,2044,1335,518,124,0,3944,0,1439
1689873340823,1988,2134,0,0,2045,1332,518,121,0,3946,0,1437
1689873341323,1959,2107,0,0,2035,1331,516,121,0,3951,0,1440
1689873341823,1969,2143,0,0,2038,1333,514,121,0,3967,0,1444
1689873342323,1983,2154,0,0,2036,1331,514,122,0,3969,0,1445
1689873342823,2017,2194,0,0,2040,1332,517,125,0,3971,0,1442
1689873343323,2019,2166,0,0,2038,1329,514,125,0,3951,0,1443
1689873343823,1969,2128,0,0,2043,1340,513,124,0,3952,0,1442
1689873344323,1965,2138,0,0,2044,1340,515,123,0,3950,0,1439
1689873344823,1946,2127,0,0,2045,1342,518,123,0,3967,0,1445
1689873345323,2011,2199,0,0,2043,1341,517,126,0,3953,0,1444
1689873345823,2003,2192,0,0,2038,1335,517,127,0,3932,0,1447
1689873346323,1973,2120,0,0,2039,1336,514,124,0,3967,0,1448
1689873346823,1949,2107,0,0,2039,1335,515,123,0,3950,0,1447
1689873347323,1961,2128,0,0,2038,1336,513,123,0,3928,0,1444
1689873347823,2021,2191,0,0,2039,1340,515,126,0,3924,0,1440
1689873348323,2041,2215,0,0,2044,1342,516,125,0,3950,0,1440
1689873348823,1994,2125,0,0,2043,1340,517,124,0,3943,0,1446
1689873349323,1978,2133,0,0,2044,1338,518,123,0,3959,0,1441
1689873349823,1966,2126,0,0,2037,1338,517,122,0,3951,0,1450
1689873350323,2000,2167,0,0,2041,1338,516,125,0,3947,0,1448
1689873350823,2031,2219,0,0,2038,1338,514,126,0,3918,0,1444
1689873351323,2000,2151,0,0,2040,1344,515,123,0,3939,0,1444
1689873351823,1984,2118,0,0,2041,1342,515,121,0,3939,0,1447
1689873352323,1991,2133,0,0,2045,1342,514,120,0,3928,0,1449
1689873352823,2001,2165,0,0,2047,1345,517,123,0,3940,0,1446
1689873353323,2033,2224,0,0,2048,1345,519,126,0,3949,0,1446
1689873353823,2023,2163,0,0,2049,1347,518,120,0,3948,0,1454
1689873354323,1991,2135,0,0,2047,1346,518,121,0,3949,0,1448
1689873354823,1991,2127,0,0,2047,1347,516,120,0,3945,0,1448
1689873355323,1998,2144,0,0,2049,1348,516,124,0,3940,0,1455
1689873355823,2036,2206,0,0,2046,1352,516,125,0,3949,0,1446
1689873356323,2032,2203,0,0,2043,1349,516,125,0,3943,0,1448
1689873356823,1998,2128,0,0,2048,1351,516,124,0,3954,0,1456
1689873357323,1984,2128,0,0,2048,1347,517,123,0,3946,0,1454
1689873357823,2001,2143,0,0,2046,1349,516,122,0,3951,0,1446
1689873358323,2035,2192,0,0,2048,1352,515,125,0,3950,0,1447
1689873358823,2064,2231,0,0,2049,1354,518,126,0,3942,0,1453
1689873359323,2005,2133,0,0,2049,1355,518,120,0,3944,0,1454
1689873359823,1975,2131,0,0,2049,1354,520,120,0,3956,0,1453
1689873360323,1958,2119,0,0,2046,1349,519,120,0,3952,0,1452
1689873360823,1997,2167,0,0,2054,1355,519,124,0,3960,0,1458
1689873361323,2044,2225,0,0,2051,1359,519,127,0,3950,0,1450
1689873361823,2021,2185,0,0,2052,1356,520,125,0,3947,0,1452
1689873362323,1994,2121,0,0,2051,1358,520,125,0,3963,0,1456
1689873362823,1978,2125,0,0,2051,1349,520,120,0,3969,0,1456
1689873363323,1977,2142,0,0,2050,1349,519,122,0,3964,0,1452
1689873363823,2015,2191,0,0,2052,1354,519,125,0,3963,0,1456
1689873364323,2037,2199,0,0,2053,1359,520,125,0,3966,0,1456
1689873364823,1995,2110,0,0,2047,1348,519,121,0,3955,0,1454
1689873365323,1968,2114,0,0,2051,1355,517,121,0,3945,0,1449
1689873365823,1975,2118,0,0,2054,1359,520,121,0,3949,0,1450
1689873366323,2064,2192,0,0,2055,1362,519,125,0,3962,0,1445
1689873366823,2112,2227,0,0,2052,1331,521,125,0,3953,0,1436
1689873367323,2112,2240,0,134,2054,1270,520,139,0,3956,0,1422
1689873367823,1959,2058,0,0,2054,1283,521,140,0,3947,0,1422
1689873368323,1862,2077,0,0,2054,1277,520,136,0,3942,0,1429
1689873368823,1877,2096,0,0,2048,1277,519,124,0,3940,0,1427
1689873369323,1936,2151,0,0,2053,1274,518,126,0,3926,0,1418
1689873369823,1778,2096,0,0,2048,1241,516,96,0,3934,0,1418
1689873370323,1997,2157,0,0,2006,1135,513,88,0,3945,0,1404
1689873370823,1931,2126,0,0,2002,1135,503,82,0,3951,0,1402
1689873371323,1964,2074,0,0,1990,1178,504,87,0,3966,0,1368
1689873371823,1936,2062,0,0,1967,1206,500,100,0,3965,0,1338
1689873372323,1930,2023,0,0,1956,1214,500,95,0,3957,0,1322
1689873372823,1966,2067,0,0,1966,1218,502,99,0,3964,0,1306
1689873373323,2009,2144,0,0,1958,1230,503,120,0,3960,0,1283
1689873373823,1968,2027,0,0,1966,1235,499,119,0,3960,0,1275
1689873374323,1943,2037,0,0,1964,1240,501,122,0,3938,0,1268
1689873374823,1959,2066,0,0,1969,1242,503,121,0,3954,0,1267
1689873375323,1963,2071,0,0,1969,1250,501,120,0,3964,0,1271
1689873375823,1933,2071,0,0,1973,1254,504,133,0,3926,0,1282
1689873376323,1762,1935,0,0,1987,1239,518,141,0,3930,0,1231
1689873376823,1610,1826,0,0,1960,1226,533,269,0,3985,0,1500
1689873377323,1223,1855,0,0,2015,1191,513,178,0,3992,0,627
1689873377823,1693,1985,0,0,1984,1162,500,80,0,3931,0,579
1689873378323,1843,2067,0,0,1969,1153,506,86,0,3930,0,622
1689873378823,1883,2109,0,0,1960,1188,500,104,0,3941,0,550
1689873379323,1921,2128,0,0,1952,1218,504,87,0,3953,0,462
1689873379823,1925,2118,0,0,1965,1247,508,102,0,3960,0,594
1689873380323,1983,2160,0,0,1954,1260,508,108,0,3958,0,629
1689873380823,1934,2077,0,0,1966,1264,511,113,0,3963,0,654
1689873381323,1919,2038,0,0,1972,1271,509,121,0,3968,0,663
1689873381823,1937,2064,0,0,1972,1273,509,119,0,3965,0,669
1689873382323,1944,2087,0,0,1978,1285,507,122,0,3956,0,668
1689873382823,2000,2139,0,0,1980,1293,511,125,0,3945,0,671
1689873383323,2000,2159,0,0,1986,1295,508,124,0,3964,0,682
1689873383823,1971,2094,0,0,1991,1296,511,124,0,3968,0,692
1689873384323,1957,2084,0,0,1992,1303,509,127,0,3960,0,703
1689873384823,1659,1813,0,0,1966,1196,500,187,0,3797,0,620
1689873385323,1239,1637,0,0,1997,1148,434,265,0,3905,0,818
1689873385823,1520,1826,0,0,1888,967,401,205,0,3867,0,1538
1689873386323,1439,1662,0,0,1691,1120,459,0,0,3773,0,1404
1689873386823,1549,1817,0,0,1666,1070,458,8,0,3941,0,1434
1689873387323,1685,1852,0,0,1668,1074,473,20,6,3939,0,1441
1689873387823,1710,1862,0,0,1712,1094,480,31,22,3955,0,1486
1689873388323,1751,1937,0,0,1743,1077,499,45,23,3972,0,1479
1689873388823,1761,1983,0,0,1750,1103,500,35,31,3973,0,1502
1689873389323,1755,1933,0,0,1767,1124,502,51,42,3971,0,1514
1689873389823,1766,1918,0,0,1778,1145,503,50,56,3965,0,1525
1689873390323,1763,1905,0,0,1780,1141,502,52,57,3971,0,1527
1689873390823,1764,1925,0,0,1789,1153,504,73,61,3960,0,1539
1689873391323,1826,2000,0,0,1802,1155,507,67,60,3952,0,1538
1689873391823,1841,1995,0,0,1807,1158,509,80,61,3960,0,1550
1689873392323,1806,1899,0,0,1813,1162,509,85,61,3963,0,1554
1689873392823,1815,1925,0,0,1820,1169,509,87,60,3972,0,1560
1689873393323,1819,1936,0,0,1825,1177,510,90,65,3970,0,1571
1689873393823,1810,1936,0,0,1830,1171,511,89,68,3962,0,1577
1689873394323,1859,2011,0,0,1831,1179,513,89,67,3967,0,1583
1689873394823,1869,2025,0,0,1835,1177,512,87,69,3968,0,1581
1689873395323,1837,1941,0,0,1840,1184,513,85,68,3964,0,1587
1689873395823,1820,1933,0,0,1845,1187,515,84,69,3966,0,1588
1689873396323,1841,1948,0,0,1843,1188,516,92,66,3973,0,1593
1689873396823,1871,1991,0,0,1847,1192,518,91,67,3967,0,1599
1689873397323,1915,2068,0,0,1849,1197,517,98,66,3966,0,1595
1689873397823,1879,1955,0,0,1855,1197,517,78,69,3980,0,1601
1689873398323,1872,1948,0,0,1855,1203,518,80,70,3974,0,1603
1689873398823,1867,1951,0,0,1854,1203,519,86,66,3982,0,1615
1689873399323,1899,1973,0,0,1862,1212,520,88,65,3979,0,1618
1689873399823,1935,2064,0,0,1862,1216,521,81,64,3960,0,1623
1689873400323,1904,1983,0,0,1864,1219,522,81,65,3975,0,1624
1689873400823,1875,1947,0,0,1866,1221,524,83,67,3972,0,1628
1689873401323,1897,1938,0,0,1869,1226,523,85,62,3979,0,1633
1689873401823,1899,1934,0,0,1840,1228,521,79,2,3965,0,1623
1689873402323,1843,2045,0,0,1803,1224,519,80,0,3958,0,1614
1689873402823,1799,1967,0,0,1813,1224,519,82,0,3962,0,1622
1689873403323,1818,1930,0,0,1829,1221,524,97,0,3976,0,1628
1689873403823,1831,1961,0,0,1830,1227,522,102,0,3975,0,1624
1689873404323,1794,1953,0,0,1835,1229,521,100,0,3965,0,1630
1689873404823,1837,2009,0,0,1843,1229,517,95,0,3973,0,1625
1689873405323,1904,2083,0,0,1847,1233,521,90,0,3980,0,1636
1689873405823,1850,2043,0,0,1849,1232,516,99,0,3985,0,1641
1689873406323,1841,1978,0,0,1865,1233,516,97,0,3983,0,1650
1689873406823,1699,2000,0,0,1869,1234,511,92,0,3981,0,1647
1689873407323,1679,2021,0,0,1863,1230,497,96,0,3980,0,1656
1689873407823,1754,2090,0,0,1873,1241,499,93,0,3982,0,1637
1689873408323,1798,2112,0,0,1868,1240,494,91,0,3965,0,1563
1689873408823,1759,2032,0,0,1868,1234,494,92,0,3986,0,1554
1689873409323,1751,2020,0,0,1872,1235,494,91,0,3993,0,1564
1689873409824,1755,2022,0,0,1874,1237,494,93,0,3994,0,1558
1689873410324,1760,2041,0,0,1876,1241,494,96,0,3992,0,1583
1689873410824,1813,2126,0,0,1877,1242,495,100,0,3997,0,1599
1689873411324,1843,2123,0,0,1879,1239,495,98,0,3997,0,1548
1689873411824,1827,2064,0,0,1874,1239,496,111,0,3999,0,1512
1689873412324,1817,2032,0,0,1880,1246,497,103,0,3997,0,1537
1689873412824,1827,2036,0,0,1884,1245,498,105,0,3993,0,1551
1689873413324,1847,2080,0,0,1880,1247,499,108,0,4008,0,1555
1689873413824,1906,2139,0,0,1880,1249,498,117,0,4009,0,1559
1689873414324,1870,2081,0,0,1884,1247,499,115,0,4012,0,1577
1689873414824,1840,2043,0,0,1888,1249,497,105,0,4013,0,1583
1689873415324,1855,2073,0,0,1887,1249,498,110,0,4012,0,1583
1689873415824,1815,2061,0,0,1884,1249,498,107,0,4014,0,1596
1689873416324,1819,2134,0,0,1894,1250,497,101,0,4018,0,1583
1689873416824,1903,2186,0,0,1863,1208,498,70,0,4001,0,1572
1689873417324,2067,2215,0,98,1841,1135,501,66,0,4014,0,1569
1689873417824,1828,2112,0,337,1855,1145,495,34,0,4020,0,1595
1689873418324,1607,2075,0,35,1863,1151,484,13,0,4016,0,1611
1689873418824,1349,2082,0,0,1872,1145,487,1,0,4014,0,1612
1689873419324,1237,2070,0,0,1871,1150,484,7,0,4009,0,1621
1689873419824,1146,2101,0,0,1874,1158,485,12,0,4011,0,1623
1689873420324,1173,2107,0,0,1869,1154,485,11,0,4009,0,1625
1689873420824,1277,2119,0,0,1877,1161,491,22,0,4013,0,1634
1689873421324,1438,2131,0,0,1876,1166,492,26,0,4003,0,1629
1689873421824,1492,2131,0,0,1879,1175,492,26,0,4009,0,1632
1689873422324,1594,2143,0,0,1883,1184,490,34,0,4014,0,1640
1689873422824,1608,2140,0,0,1880,1186,490,36,0,4013,0,1637
1689873423324,1618,2155,0,0,1877,1194,491,49,0,4014,0,1641
1689873423824,1639,2165,0,0,1880,1197,491,46,0,4014,0,1642
1689873424324,1632,2146,0,0,1878,1202,490,57,0,4012,0,1653
1689873424824,1663,2162,0,0,1878,1204,490,58,0,4012,0,1650
1689873425324,1643,2162,0,0,1881,1204,491,58,0,4003,0,1650
1689873425824,1712,2203,0,0,1887,1203,491,51,0,4007,0,1643
1689873426324,1775,2133,0,0,1882,1110,482,13,0,4009,0,1662
1689873426824,1818,2075,0,11,1883,1104,483,11,0,4011,0,1668
1689873427324,1866,2064,69,279,1879,1110,484,11,0,4011,0,1675
1689873427824,1931,2085,0,306,1880,1145,483,15,0,4006,0,1685
1689873428324,1921,2134,0,0,1880,1160,487,15,0,4008,0,1691
1689873428824,1934,2163,0,103,1874,1171,488,24,0,4005,0,1695
1689873429324,1881,2160,0,256,1874,1145,483,20,0,3992,0,1692
1689873429824,1920,2169,0,477,1871,1154,492,25,0,3991,0,1701
1689873430324,1956,2166,0,474,1870,1144,493,34,0,4001,0,1696
1689873430824,1968,2172,0,403,1871,1154,490,36,0,4003,0,1705
1689873431324,1973,2177,0,420,1876,1152,492,44,0,4007,0,1710
1689873431824,1972,2176,0,459,1878,1163,496,45,0,4005,0,1708
1689873432324,1985,2162,0,449,1878,1173,494,45,0,4006,0,1713
1689873432824,1984,2162,0,413,1873,1171,496,45,0,4006,0,1715
1689873433324,2003,2180,0,419,1878,1180,496,48,0,4009,0,1719
1689873433824,2000,2169,0,394,1881,1188,494,50,0,4001,0,1720
1689873434324,2004,2179,0,381,1881,1185,497,49,0,4006,0,1719
1689873434824,1990,2181,0,383,1884,1185,499,49,0,4007,0,1721
1689873435324,1978,2182,0,368,1885,1189,497,49,0,4004,0,1731
1689873435824,2002,2202,0,395,1883,1190,499,50,0,4001,0,1730
1689873436324,1997,2202,0,397,1884,1197,499,53,0,3996,0,1730
1689873436824,1975,2183,0,384,1885,1201,498,49,0,3999,0,1731
1689873437324,2001,2205,0,361,1880,1201,500,49,0,4002,0,1724
1689873437824,1999,2204,0,361,1885,1209,498,47,0,3999,0,1723
1689873438324,2002,2202,0,351,1888,1214,500,53,0,3993,0,1726
1689873438824,2031,2224,0,432,1886,1216,499,55,0,4003,0,1717
1689873439324,2009,2211,0,393,1887,1214,500,56,0,3998,0,1729
1689873439824,2014,2208,0,389,1890,1217,499,56,0,3996,0,1731
1689873440324,2011,2209,0,371,1885,1215,500,58,0,3993,0,1731
1689873440824,2013,2217,0,333,1890,1211,500,58,0,3992,0,1730
1689873441324,2042,2225,0,291,1884,1217,503,59,0,3989,0,1733
1689873441824,2063,2241,0,383,1889,1216,500,60,0,3979,0,1739
1689873442324,2019,2205,0,304,1889,1218,503,42,0,3989,0,1736
1689873442824,2025,2209,0,322,1889,1219,503,43,6,3994,0,1740
1689873443324,2023,2209,0,326,1893,1225,504,42,4,4004,0,1742
1689873443824,2053,2240,0,251,1891,1223,503,61,8,4005,0,1736
1689873444324,2065,2267,0,321,1890,1226,502,59,9,4001,0,1742
1689873444824,2038,2215,0,287,1894,1226,508,42,6,4001,0,1747
1689873445324,2016,2185,0,322,1896,1228,509,42,8,4004,0,1749
1689873445824,2035,2212,0,336,1888,1229,510,48,7,3999,0,1748
1689873446324,2043,2228,0,272,1895,1240,509,48,0,4002,0,1752
1689873446824,2094,2272,0,311,1897,1240,510,47,0,3989,0,1755
1689873447324,2068,2233,0,297,1897,1238,513,42,6,3999,0,1744
1689873447824,2027,2201,0,278,1898,1237,513,44,9,4003,0,1751
1689873448324,2058,2215,0,293,1900,1241,512,44,0,3996,0,1750
1689873448824,2056,2225,0,261,1900,1246,512,43,3,4001,0,1752
1689873449324,2097,2273,0,304,1899,1242,510,55,0,4000,0,1750
1689873449824,2046,2224,0,303,1900,1243,511,51,0,3994,0,1753
1689873450324,2027,2199,0,305,1902,1243,512,44,0,3997,0,1760
1689873450824,2047,2213,0,298,1898,1245,507,42,7,3998,0,1756
1689873451324,2062,2245,0,240,1900,1252,509,45,0,3992,0,1757
1689873451824,2101,2277,0,390,1900,1256,510,53,0,3997,0,1750
1689873452324,2039,2204,0,263,1905,1252,509,43,0,3992,0,1761
1689873452824,1984,2211,0,213,1904,1255,507,44,0,3994,0,1755
1689873453324,1994,2226,0,230,1903,1255,508,54,0,3996,0,1759
1689873453824,2038,2244,0,229,1905,1256,509,56,0,3990,0,1764
1689873454324,2082,2281,0,289,1897,1257,509,56,0,3993,0,1760
1689873454824,2039,2243,0,278,1909,1262,507,54,0,3995,0,1760
1689873455324,1987,2205,0,217,1909,1260,510,41,6,3988,0,1762
1689873455824,2000,2211,0,255,1913,1263,513,52,20,3998,0,1759
1689873456324,2027,2232,0,222,1914,1262,513,50,22,3999,0,1766
1689873456824,2078,2287,0,385,1909,1266,511,54,21,4000,0,1762
1689873457324,2062,2254,0,353,1911,1264,527,49,20,3996,0,1767
1689873457824,2000,2192,0,231,1907,1259,527,42,0,4000,0,1769
1689873458324,1983,2201,0,271,1907,1260,529,46,0,3998,0,1771
1689873458824,1983,2227,0,240,1909,1257,527,45,0,4003,0,1770
1689873459324,2018,2254,0,148,1915,1265,528,51,0,3996,0,1771
1689873459824,2074,2292,0,246,1915,1264,530,53,0,3988,0,1773
1689873460324,2042,2225,0,247,1916,1261,531,47,0,3995,0,1770
1689873460824,1968,2219,0,187,1915,1256,530,46,0,3992,0,1775
1689873461324,1948,2228,0,176,1916,1259,532,47,0,3989,0,1777
1689873461824,1967,2224,0,160,1914,1263,532,47,0,3989,0,1777
1689873462324,2046,2284,0,205,1911,1268,533,54,0,3979,0,1774
1689873462824,2055,2272,0,239,1907,1264,533,53,0,3978,0,1774
1689873463324,1968,2224,0,146,1914,1267,527,44,0,3982,0,1776
1689873463824,1975,2226,0,194,1914,1267,529,44,0,3970,0,1778
1689873464324,1965,2224,0,203,1916,1269,529,45,0,3973,0,1779
1689873464824,2039,2283,0,105,1914,1270,529,44,0,3974,0,1772
1689873465324,2043,2285,0,186,1909,1263,528,53,0,3967,0,1777
1689873465824,2002,2235,0,101,1917,1268,529,48,0,3981,0,1780
1689873466324,1936,2224,0,173,1922,1267,530,49,0,3978,0,1782
1689873466824,1949,2218,0,185,1919,1269,530,49,0,3974,0,1782
1689873467324,2019,2262,0,73,1910,1257,527,40,0,3966,0,1775
1689873467824,2071,2301,0,137,1916,1257,529,41,0,3982,0,1781
1689873468324,2025,2242,0,121,1920,1251,530,40,0,3982,0,1784
1689873468824,1957,2213,0,80,1920,1247,528,41,0,3992,0,1783
1689873469324,1936,2240,0,38,1916,1256,528,41,0,3995,0,1785
1689873469824,2022,2274,0,0,1917,1261,527,42,5,3995,0,1784
1689873470324,2070,2303,0,27,1920,1261,529,44,3,3998,0,1789
1689873470824,1997,2230,0,39,1921,1257,529,41,11,3996,0,1789
1689873471324,1984,2224,0,59,1916,1252,532,40,9,3995,0,1787
1689873471824,1999,2256,0,39,1918,1255,530,42,9,3991,0,1787
1689873472324,2043,2279,0,0,1920,1259,537,42,10,3979,0,1788
1689873472824,2094,2313,0,77,1908,1265,537,45,11,3983,0,1774
1689873473324,2025,2261,0,75,1912,1264,538,45,15,3984,0,1781
1689873473824,1978,2253,0,36,1913,1267,539,45,13,3977,0,1781
1689873474324,1983,2250,0,57,1916,1268,539,46,16,3981,0,1787
1689873474824,2054,2282,0,48,1913,1273,538,47,19,3971,0,1778
1689873475324,2073,2303,0,49,1911,1274,539,46,17,3975,0,1781
1689873475824,2032,2263,0,10,1909,1274,540,45,20,3984,0,1782
1689873476324,1998,2245,0,29,1919,1274,539,46,21,3985,0,1787
1689873476824,2010,2253,0,43,1916,1275,539,47,20,3981,0,1787
1689873477324,2039,2281,0,0,1916,1280,541,47,22,3983,0,1780
1689873477824,2085,2320,0,0,1915,1277,541,46,22,3981,0,1786
1689873478324,2031,2266,0,0,1917,1274,539,47,21,3981,0,1785
1689873478824,1970,2240,0,0,1918,1274,539,48,22,3975,0,1788
1689873479324,1995,2250,0,33,1919,1278,538,55,22,3980,0,1795
1689873479824,2034,2266,0,0,1913,1269,540,56,23,3978,0,1792
1689873480324,2086,2320,0,0,1919,1282,538,53,24,3975,0,1789
1689873480824,2031,2256,0,0,1921,1279,538,55,22,3967,0,1793
1689873481324,1975,2247,0,0,1921,1275,539,54,22,3982,0,1793
1689873481824,1952,2258,0,0,1924,1279,539,53,21,3978,0,1795
1689873482324,1953,2272,0,0,1923,1282,538,54,20,3976,0,1794
1689873482824,2043,2320,0,0,1926,1283,539,55,20,3978,0,1794
1689873483324,2042,2311,0,23,1926,1283,539,49,18,3974,0,1794
1689873483824,1958,2230,0,33,1927,1279,540,51,21,3972,0,1795
1689873484324,1961,2256,0,14,1920,1268,541,51,21,3974,0,1788
1689873484824,1954,2265,0,11,1926,1279,537,53,20,3969,0,1790
1689873485324,2032,2304,0,0,1927,1282,540,53,20,3958,0,1790
1689873485824,2089,2325,0,57,1930,1282,541,50,20,3974,0,1789
1689873486324,1989,2256,0,18,1930,1285,539,62,20,3972,0,1798
1689873486824,1968,2256,0,21,1927,1285,538,63,20,3972,0,1795
1689873487324,1939,2265,0,17,1930,1289,540,64,21,3969,0,1796
1689873487824,2021,2307,0,11,1928,1288,539,63,16,3967,0,1798
1689873488324,2064,2315,0,64,1926,1288,540,68,5,3965,0,1798
1689873488824,2021,2256,0,107,1932,1287,538,62,6,3962,0,1800
1689873489324,2000,2259,0,90,1931,1288,540,64,2,3950,0,1793
1689873489824,2004,2272,0,121,1932,1286,541,65,4,3962,0,1800
1689873490324,2057,2305,0,125,1931,1283,539,53,0,3974,0,1801
1689873490824,2106,2329,0,175,1928,1286,539,63,4,3967,0,1795
1689873491324,2067,2301,0,208,1932,1284,539,63,6,3953,0,1798
1689873491824,2041,2281,0,167,1930,1279,540,64,3,3963,0,1801
1689873492324,2025,2274,0,176,1930,1279,541,63,0,3969,0,1807
1689873492824,2055,2295,0,144,1925,1280,540,64,6,3966,0,1798
1689873493324,2096,2333,0,101,1931,1286,539,63,6,3967,0,1799
1689873493824,2096,2334,0,119,1932,1285,540,65,0,3956,0,1802
1689873494324,2033,2282,0,75,1932,1286,541,63,6,3961,0,1800
1689873494824,1737,2255,0,54,1929,1296,515,165,0,3982,0,1654
1689873495324,1665,1877,0,0,2134,1261,494,388,0,3952,0,501
1689873495824,0,0,0,0,2410,2029,382,295,494,4009,0,619
1689873496324,0,0,0,0,0,0,0,0,806,3775,630,928
1689876558083,0,0,0,0,0,0,0,0,0,788,0,0
1689876558583,0,0,0,0,0,0,0,0,0,588,0,0
1689876559083,0,0,0,0,0,0,0,0,0,553,0,0
1689876559583,0,0,0,0,0,0,0,0,0,535,0,0
1689876560083,0,0,0,0,0,0,0,0,0,549,0,0
1689876560583,0,0,0,0,0,0,0,0,0,551,0,0
1689876561083,0,0,0,0,0,0,0,0,0,562,0,0
1689876561583,0,0,2927,0,0,0,0,0,0,552,0,0
1689876562083,0,0,3428,0,0,0,0,0,0,552,0,0
1689876562583,0,0,3455,0,0,0,0,0,0,557,0,0
1689876563083,0,0,3376,0,0,0,0,0,0,558,0,0
1689876563583,0,0,3283,0,0,0,0,0,0,564,0,0
1689876564083,0,0,0,0,0,0,0,0,0,589,0,0
1689876564583,0,0,0,0,0,0,0,0,0,581,0,0
1689876565083,0,0,0,0,0,0,0,0,0,590,0,0
1689876565583,0,0,0,0,0,0,0,0,0,587,0,0
1689876566083,0,0,0,0,0,0,0,0,0,589,0,0
1689876566583,0,0,0,0,0,0,0,0,0,594,0,0
1689876567083,0,0,0,0,0,0,0,0,0,596,0,0
1689876567583,0,0,0,0,0,0,0,0,0,588,0,0
1689876568083,0,0,0,0,0,0,0,0,0,587,0,0
1689876568583,0,0,0,0,0,0,0,0,0,590,0,0
1689876569083,0,0,0,726,0,0,0,0,0,568,0,0
1689876569583,0,0,0,3280,0,0,0,0,0,568,0,0
1689876570083,0,0,0,3501,0,0,0,0,0,564,0,0
1689876570583,0,0,0,3642,0,0,0,0,0,565,0,0
1689876571083,0,0,0,3641,0,0,0,0,0,568,0,0
1689876571583,0,0,0,3562,0,0,0,0,0,571,0,0
1689876572083,0,0,0,0,0,0,0,0,0,593,0,0
1689876572583,0,0,0,0,0,0,0,0,0,577,0,0
1689876573083,0,0,0,0,0,0,0,0,0,573,0,0
1689876573583,0,0,0,0,0,0,0,0,0,564,0,0
1689876574083,0,0,0,0,0,0,0,0,0,551,0,0
1689876574583,0,0,0,0,0,0,0,0,0,546,0,0
1689876575083,0,0,0,0,0,0,0,0,0,535,0,0
1689876575583,0,0,0,0,0,0,0,0,0,516,0,0
1689876576083,0,0,0,0,0,0,0,0,0,497,0,0
1689876576583,0,1387,0,0,0,0,0,0,0,481,0,0
1689876577083,0,3440,0,0,0,0,0,0,0,474,0,0
1689876577583,0,3534,0,0,0,0,0,0,0,445,0,0
1689876578083,0,3567,0,0,0,0,0,0,0,426,0,0
1689876578583,0,3581,0,0,0,0,0,0,0,421,0,0
1689876579083,0,0,0,0,0,0,0,0,0,426,0,0
1689876579583,0,0,0,0,0,0,0,0,0,394,0,0
1689876580083,0,0,0,0,0,0,0,0,0,374,0,0
1689876580583,0,0,0,0,0,0,0,0,0,353,0,0
1689876581083,0,0,0,0,0,0,0,0,0,333,0,0
1689876581583,0,0,0,0,0,0,0,0,0,310,0,0
1689876582083,0,0,0,0,0,0,0,0,0,287,0,0
1689876582583,0,0,0,0,0,0,0,0,0,277,0,0
1689876583083,0,0,0,0,0,0,0,0,0,234,0,0
1689876583583,3,0,0,0,0,0,0,0,0,243,0,0
1689876584083,3440,0,0,0,0,0,0,0,0,237,0,0
1689876584583,3506,0,0,0,0,0,0,0,0,217,0,0
1689876585083,3494,0,0,0,0,0,0,0,0,202,0,0
1689876585583,3498,0,0,0,0,0,0,0,0,191,0,0
1689876586083,3450,0,0,0,0,0,0,0,0,185,0,0
1689876586583,3017,0,0,0,0,0,0,0,0,166,0,0
1689876587083,0,0,0,0,0,0,0,0,0,167,0,0
1689876587583,0,0,0,0,0,0,0,0,0,159,0,0
